"Time Stamp",WR_WR_COMBINED_R0,WR_WR_COMBINED_16,WR_WR_COMBINED_Act,WR_WR_COMBINED_CUF,WR_WR_COMBINED_AVC,"WR_WR_SOLAR _R0","WR_WR_SOLAR _16","WR_WR_SOLAR _Act","WR_WR_SOLAR _CUF","WR_WR_SOLAR _AVC","WR_WR_WIND _R0","WR_WR_WIND _16","WR_WR_WIND _Act","WR_WR_WIND _CUF","WR_WR_WIND _AVC","Madhya Pradesh_Madhya Pradesh_SOLAR _R0","Madhya Pradesh_Madhya Pradesh_SOLAR _16","Madhya Pradesh_Madhya Pradesh_SOLAR _Act","Madhya Pradesh_Madhya Pradesh_SOLAR _CUF","Madhya Pradesh_Madhya Pradesh_SOLAR _AVC","Madhya Pradesh_Madhya Pradesh_WIND _R0","Madhya Pradesh_Madhya Pradesh_WIND _16","Madhya Pradesh_Madhya Pradesh_WIND _Act","Madhya Pradesh_Madhya Pradesh_WIND _CUF","Madhya Pradesh_Madhya Pradesh_WIND _AVC","Maharastra_Maharastra_SOLAR _R0","Maharastra_Maharastra_SOLAR _16","Maharastra_Maharastra_SOLAR _Act","Maharastra_Maharastra_SOLAR _CUF","Maharastra_Maharastra_SOLAR _AVC","Maharastra_Maharastra_WIND _R0","Maharastra_Maharastra_WIND _16","Maharastra_Maharastra_WIND _Act","Maharastra_Maharastra_WIND _CUF","Maharastra_Maharastra_WIND _AVC","Gujarat_Gujarat_SOLAR _R0","Gujarat_Gujarat_SOLAR _16","Gujarat_Gujarat_SOLAR _Act","Gujarat_Gujarat_SOLAR _CUF","Gujarat_Gujarat_SOLAR _AVC","Gujarat_Gujarat_WIND _R0","Gujarat_Gujarat_WIND _16","Gujarat_Gujarat_WIND _Act","Gujarat_Gujarat_WIND _CUF","Gujarat_Gujarat_WIND _AVC",OKWPL_RE-WIND_WIND_R0,OKWPL_RE-WIND_WIND_16,OKWPL_RE-WIND_WIND_Act,OKWPL_RE-WIND_WIND_CUF,OKWPL_RE-WIND_WIND_AVC,Acme_RUMS-SOLAR_SOLAR_R0,Acme_RUMS-SOLAR_SOLAR_16,Acme_RUMS-SOLAR_SOLAR_Act,Acme_RUMS-SOLAR_SOLAR_CUF,Acme_RUMS-SOLAR_SOLAR_AVC,Arinsun_RUMS-SOLAR_SOLAR_R0,Arinsun_RUMS-SOLAR_SOLAR_16,Arinsun_RUMS-SOLAR_SOLAR_Act,Arinsun_RUMS-SOLAR_SOLAR_CUF,Arinsun_RUMS-SOLAR_SOLAR_AVC,Mahindra_RUMS-SOLAR_SOLAR_R0,Mahindra_RUMS-SOLAR_SOLAR_16,Mahindra_RUMS-SOLAR_SOLAR_Act,Mahindra_RUMS-SOLAR_SOLAR_CUF,Mahindra_RUMS-SOLAR_SOLAR_AVC,RPL_SECI-II_RE-WIND_WIND_R0,RPL_SECI-II_RE-WIND_WIND_16,RPL_SECI-II_RE-WIND_WIND_Act,RPL_SECI-II_RE-WIND_WIND_CUF,RPL_SECI-II_RE-WIND_WIND_AVC,GIWEL_SECI-II_RE-WIND_WIND_R0,GIWEL_SECI-II_RE-WIND_WIND_16,GIWEL_SECI-II_RE-WIND_WIND_Act,GIWEL_SECI-II_RE-WIND_WIND_CUF,GIWEL_SECI-II_RE-WIND_WIND_AVC,IWISL-WIND_WIND_R0,IWISL-WIND_WIND_16,IWISL-WIND_WIND_Act,IWISL-WIND_WIND_CUF,IWISL-WIND_WIND_AVC,GIWEL_SECI-III_RE-WIND_WIND_R0,GIWEL_SECI-III_RE-WIND_WIND_16,GIWEL_SECI-III_RE-WIND_WIND_Act,GIWEL_SECI-III_RE-WIND_WIND_CUF,GIWEL_SECI-III_RE-WIND_WIND_AVC,AGEMPL-WIND_WIND_R0,AGEMPL-WIND_WIND_16,AGEMPL-WIND_WIND_Act,AGEMPL-WIND_WIND_CUF,AGEMPL-WIND_WIND_AVC
00:00,4036,4115,3800,21.05,18048,0,0,4,0.08,5038,4036,4115,3796,29.18,13010,0,0,0,0,1445,335,353,472,19.57,2412,0,0,0,0,1345,1038,1034,790,18.23,4333,0,0,3,0.13,2248,2663,2729,2534,40.45,6265,156.13,172.91,169.92,80.91,210,0,0,0,0,250,0,0,0,0,250,0,0,0,0,250,128.2,129.64,169.76,92.01,184.5,137.14,223.67,166.76,74.91,222.6,5.68,5.85,54.01,40.46,133.5,69.95,44.45,175.1,66.18,264.6,4.11,4.55,14.69,9.17,160.2
00:15,4283,4128,3753,20.79,18048,0,0,8,0.16,5038,4283,4128,3745,28.79,13010,0,0,5,0.35,1445,361,372,439,18.2,2412,0,0,0,0,1345,1038,1030,771,17.79,4333,0,0,3,0.13,2248,2884,2726,2535,40.46,6265,103.88,157.08,169.77,80.84,210,0,0,0,0,250,0,0,0,0,250,0,0,0,0,250,138.95,121.78,164.17,88.98,184.5,86.22,223.99,160.32,72.02,222.6,38.15,7.59,58.86,42.5,138.5,137.59,48.81,165.44,62.52,264.6,42.3,5.86,14.69,9.17,160.2
00:30,4377,4152,3753,20.79,18048,0,0,15,0.3,5038,4377,4152,3738,28.73,13010,0,0,12,0.83,1445,359,381,409,16.96,2412,0,0,0,0,1345,1049,1025,775,17.89,4333,0,0,3,0.13,2248,2969,2746,2554,40.77,6265,99.02,138.77,164.24,74.65,220,0,0,0,0,250,0,0,0,0,250,0,0,0,0,250,136.08,120.15,158.83,86.09,184.5,82.3,223.61,149.5,67.16,222.6,43.47,14.55,43.35,31.3,138.5,131.17,53.42,160.8,60.77,264.6,46.5,7.93,14.69,9.17,160.2
00:45,4444,4413,3779,20.94,18048,0,0,15,0.3,5038,4444,4413,3764,28.93,13010,0,0,12,0.83,1445,357,381,371,15.38,2412,0,0,0,0,1345,1060,1039,806,18.6,4333,0,0,3,0.13,2248,3027,2993,2587,41.29,6265,93.69,106.32,176.69,80.31,220,0,0,0,0,250,0,0,0,0,250,0,0,0,0,250,133.45,127.85,113.73,61.64,184.5,78.61,169.75,162.83,73.15,222.6,49.53,39.14,49.25,35.56,138.5,124.87,124.87,167.89,63.45,264.6,50.61,43.06,14.69,9.17,160.2
01:00,4514,4482,3764,20.86,18048,0,0,15,0.3,5038,4514,4482,3748,28.81,13010,0,0,12,0.83,1445,356,375,341,14.14,2412,0,0,0,0,1345,1071,1050,788,18.19,4333,0,0,3,0.13,2248,3087,3057,2619,41.8,6265,88.01,93.21,183.29,83.31,220,0,0,0,0,250,0,0,0,0,250,0,0,0,0,250,131.32,126.12,129.62,70.25,184.5,75.26,165.7,171.25,76.93,222.6,55.63,45.35,60.15,43.43,138.5,119.21,126.62,173.85,65.7,264.6,54.82,47.13,14.69,9.17,160.2
01:15,5618,4520,3776,20.92,18048,0,0,15,0.3,5038,5618,4520,3760,28.9,13010,0,0,12,0.83,1445,383,349,337,13.97,2412,0,0,0,0,1345,1210,1062,817,18.86,4333,0,0,3,0.13,2248,4025,3109,2606,41.6,6265,83.61,84.22,188.81,85.82,220,0,0,0,0,250,0,0,0,0,250,0,0,0,0,250,135.71,124.43,132,71.54,184.5,75.48,161.65,184.46,82.87,222.6,174.43,51.51,72.59,52.41,138.5,185.78,128.04,188.35,71.18,264.6,146.79,51.28,14.69,9.17,160.2
01:30,5598,3742,3734,20.69,18048,0,0,15,0.3,5038,5598,3742,3719,28.59,13010,0,0,12,0.83,1445,383,432,346,14.34,2412,0,0,0,0,1345,1213,1071,816,18.83,4333,0,0,3,0.13,2248,4002,2239,2557,40.81,6265,72.24,94.85,192.25,87.39,220,0,0,0,0,250,0,0,0,0,250,0,0,0,0,250,134.38,160.47,131.97,71.53,184.5,73.09,124.01,188.09,89.57,210,173.37,33.1,71.03,51.29,138.5,178.87,97.8,193.13,72.99,264.6,147.6,16.58,14.69,9.17,160.2
01:45,5577,3804,3721,20.62,18048,0,0,15,0.3,5038,5577,3804,3706,28.49,13010,0,0,12,0.83,1445,383,424,400,16.58,2412,0,0,0,0,1345,1217,1097,783,18.07,4333,0,0,3,0.13,2248,3977,2283,2522,40.26,6265,62.81,89.78,198.61,90.28,220,0,0,0,0,250,0,0,0,0,250,0,0,0,0,250,133.16,159.27,152.51,82.66,184.5,70.76,115.8,190.93,90.92,210,172.33,35.09,74.95,54.12,138.5,172.91,121.22,189.41,71.58,264.6,148.44,19.73,14.69,9.17,160.2
02:00,5554,3863,3695,20.47,18048,0,0,15,0.3,5038,5554,3863,3680,28.29,13010,0,0,12,0.83,1445,385,409,470,19.49,2412,0,0,0,0,1345,1220,1128,762,17.59,4333,0,0,3,0.13,2248,3949,2326,2447,39.06,6265,53.57,82.22,205.35,93.34,220,0,0,0,0,250,0,0,0,0,250,0,0,0,0,250,132.05,158.13,182.42,98.87,184.5,68.43,105.99,192.92,91.87,210,171.22,35.2,86.32,62.32,138.5,167.98,123.26,186.65,70.54,264.6,148.33,23.12,14.69,9.17,160.2
02:15,5531,3906,3660,20.28,18048,0,0,15,0.3,5038,5531,3906,3645,28.02,13010,0,0,12,0.83,1445,386,407,539,22.35,2412,0,0,0,0,1345,1224,1137,705,16.27,4333,0,0,3,0.13,2248,3921,2363,2401,38.32,6265,46.49,60.27,208.51,94.78,220,0,0,0,0,250,0,0,0,0,250,0,0,0,0,250,131,157.95,179.03,97.04,184.5,66.09,127.72,197,93.81,210,169.96,52.02,81.94,59.16,138.5,163.05,83.28,194.94,73.67,264.6,148.06,40.23,14.69,9.17,160.2
02:30,5501,3904,3640,20.17,18048,0,0,15,0.3,5038,5501,3904,3625,27.86,13010,0,0,12,0.83,1445,376,396,541,22.43,2412,0,0,0,0,1345,1222,1129,694,16.02,4333,0,0,3,0.13,2248,3903,2379,2389,38.13,6265,45.23,55.93,208.86,94.94,220,0,0,0,0,250,0,0,0,0,250,0,0,0,0,250,128.61,154.53,178.72,96.87,184.5,60.22,128.11,198.93,94.73,210,168.53,59.17,81.48,58.83,138.5,150.21,81.58,204.44,77.26,264.6,148.15,46.79,14.69,9.17,160.2
02:45,5477,4105,3700,20.5,18048,0,0,15,0.3,5038,5477,4105,3685,28.32,13010,0,0,12,0.83,1445,366,364,556,23.05,2412,0,0,0,0,1345,1221,1120,689,15.9,4333,0,0,3,0.13,2248,3890,2621,2440,38.95,6265,44.29,52.4,208.87,94.94,220,0,0,0,0,250,0,0,0,0,250,0,0,0,0,250,125.29,150.03,178.02,96.49,184.5,54.89,128.25,197.2,93.9,210,166.69,65.98,65.61,47.37,138.5,137.36,79.34,210.24,79.46,264.6,148.2,53.09,14.69,9.17,160.2
03:00,5451,3796,3761,20.84,18048,0,0,15,0.3,5038,5451,3796,3746,28.79,13010,0,0,12,0.83,1445,357,345,572,23.71,2412,0,0,0,0,1345,1219,812,680,15.69,4333,0,0,3,0.13,2248,3875,2639,2495,39.82,6265,44.17,117.64,207.83,88.06,236,0,0,0,0,250,0,0,0,0,250,0,0,0,0,250,120.91,141.38,181.38,98.31,184.5,49.82,137.67,197.86,94.22,210,164.87,31.53,69.41,50.12,138.5,124.63,116.68,211.28,79.85,264.6,148.22,36.81,14.69,9.17,160.2
03:15,5426,3768,3806,21.09,18048,0,0,15,0.3,5038,5426,3768,3791,29.14,13010,0,0,12,0.83,1445,347,335,576,23.88,2412,0,0,0,0,1345,1219,802,726,16.76,4333,0,0,3,0.13,2248,3860,2631,2489,39.73,6265,44.06,128.95,210.74,89.3,236,0,0,0,0,250,0,0,0,0,250,0,0,0,0,250,114.62,140.33,177.87,96.41,184.5,45.43,130.45,195.53,93.11,210,163.07,36.5,88.77,64.09,138.5,114.21,113.22,210.68,79.62,264.6,148.26,41.25,14.69,9.17,160.2
03:30,5400,3737,3829,21.22,18048,0,0,16,0.32,5038,5400,3737,3813,29.31,13010,0,0,12,0.83,1445,338,330,564,23.38,2412,0,0,0,0,1345,1218,804,761,17.56,4333,0,0,3,0.13,2248,3844,2603,2488,39.71,6265,44.29,140.58,214.19,90.76,236,0,0,0,0,250,0,0,0,0,250,0,0,0,0,250,105.7,142.2,177.92,96.43,184.5,41.51,123.57,195.33,93.01,210,161.29,40.61,112.63,81.32,138.5,104.01,112.48,211.03,79.75,264.6,148.33,46.65,14.69,9.17,160.2
03:45,5374,3719,3849,21.33,18048,0,0,16,0.32,5038,5374,3719,3833,29.46,13010,0,0,12,0.83,1445,330,332,544,22.55,2412,0,0,0,0,1345,1218,805,774,17.86,4333,0,0,3,0.13,2248,3826,2582,2516,40.16,6265,44.73,114.44,210.7,89.28,236,0,0,0,0,250,0,0,0,0,250,0,0,0,0,250,93.55,121.01,177.97,96.46,184.5,37.64,101.77,185.54,88.35,210,159.54,68.07,112.97,81.57,138.5,93.75,65.44,206.15,77.91,264.6,148.4,61,14.69,9.17,160.2
04:00,5346,3695,3839,21.27,18048,0,0,16,0.32,5038,5346,3695,3823,29.39,13010,0,0,12,0.83,1445,322,342,499,20.69,2412,0,0,0,0,1345,1218,791,779,17.98,4333,0,0,3,0.13,2248,3806,2562,2546,40.64,6265,45.17,122.99,201.98,85.58,236,0,0,0,0,250,0,0,0,0,250,0,0,0,0,250,78.33,120.99,179.73,97.41,184.5,33.83,96.24,173.24,82.5,210,157.8,75.53,120.08,86.7,138.5,84.04,61.44,204.2,77.17,264.6,148.45,68.62,14.69,9.17,160.2
04:15,5316,4056,3809,21.1,18048,0,0,16,0.32,5038,5316,4056,3794,29.16,13010,0,0,12,0.83,1445,314,327,440,18.24,2412,0,0,0,0,1345,1219,892,805,18.58,4333,0,0,3,0.13,2248,3783,2836,2549,40.69,6265,45.85,129.38,201.98,85.58,236,0,0,0,0,250,0,0,0,0,250,0,0,0,0,250,67.51,120.94,180.45,97.8,184.5,30.02,91.68,177.24,84.4,210,156.07,82.61,123.18,88.94,138.5,75.03,57.18,205.12,77.52,264.6,148.51,76.02,14.69,9.17,160.2
04:30,5283,3701,3871,21.45,18048,0,0,16,0.32,5038,5283,3701,3855,29.63,13010,0,0,12,0.83,1445,307,428,365,15.13,2412,0,0,0,0,1345,1219,828,826,19.06,4333,0,0,3,0.13,2248,3756,2444,2664,42.52,6265,46.59,234.21,202.88,85.97,236,0,0,0,0,250,0,0,0,0,250,0,0,0,0,250,56.69,153.11,179.83,97.47,184.5,26.1,98.96,179.6,85.52,210,154.34,75.93,121.6,87.8,138.5,66.71,110.02,208.24,78.7,264.6,148.56,23.32,14.69,9.17,160.2
04:45,5245,3679,3861,21.39,18048,0,0,16,0.32,5038,5245,3679,3846,29.56,13010,0,0,12,0.83,1445,301,429,306,12.69,2412,0,0,0,0,1345,1221,820,823,18.99,4333,0,0,3,0.13,2248,3723,2430,2717,43.37,6265,47.34,235.1,202.49,85.8,236,0,0,0,0,250,0,0,0,0,250,0,0,0,0,250,48.36,151.39,179.77,97.44,184.5,22.19,92.15,180.62,86.01,210,152.61,76.62,113.7,82.09,138.5,59.84,105.55,208.65,78.85,264.6,148.61,25.01,14.69,9.17,160.2
05:00,5206,3684,3875,21.47,18048,0,0,16,0.32,5038,5206,3684,3859,29.66,13010,0,0,12,0.83,1445,295,428,278,11.53,2412,0,0,0,0,1345,1222,824,825,19.04,4333,0,0,3,0.13,2248,3689,2432,2757,44.01,6265,48.09,235.67,207.5,87.92,236,0,0,0,0,250,0,0,0,0,250,0,0,0,0,250,40.12,149.43,178.48,96.74,184.5,20.19,83.89,191.97,91.41,210,150.88,72.35,115.95,83.72,138.5,53.23,100.48,210.98,79.74,264.6,148.58,26.77,14.69,9.17,160.2
05:15,5138,3977,3942,21.84,18048,0,0,16,0.32,5038,5138,3977,3927,30.18,13010,0,0,12,0.83,1445,293,352,265,10.99,2412,0,0,0,0,1345,1224,899,834,19.25,4333,0,0,3,0.13,2248,3620,2726,2827,45.12,6265,48.84,163.68,210.98,89.4,236,0.06,0.06,0,0,250,0.06,0.06,0,0,250,0.06,0.06,0,0,250,32.5,99.56,178.06,96.51,184.5,18.89,30.05,198.71,94.62,210,149.14,123.33,109.04,78.73,138.5,46.65,73.96,213,80.5,264.6,148.49,74.81,14.69,9.17,160.2
05:30,5180,4092,3938,21.82,18048,0,0,15,0.3,5038,5180,4092,3923,30.15,13010,0,0,12,0.83,1445,299,350,258,10.7,2412,0,0,0,0,1345,1268,940,809,18.67,4333,0,0,3,0.13,2248,3613,2802,2856,45.59,6265,58.18,163.94,212.92,90.22,236,0.82,0.97,0.43,0.17,250,0.82,0.97,0.31,0.12,250,0.78,0.89,0.34,0.14,250,46.17,111.01,178.25,96.61,184.5,20.26,57.29,197.89,94.23,210,145.53,125.38,103.66,74.84,138.5,51.75,70.38,213.89,80.84,264.6,148.86,77.95,14.69,9.17,160.2
05:45,5304,4215,3860,21.39,18048,1,1,4,0.08,5038,5303,4214,3856,29.64,13010,1,1,1,0.07,1445,304,347,249,10.32,2412,0,0,1,0.07,1345,1313,983,801,18.49,4333,0,0,3,0.13,2248,3686,2884,2806,44.79,6265,68.27,164.64,214.13,90.73,236,3.83,3.96,2.42,0.97,250,3.82,3.95,2.02,0.81,250,3.77,3.84,2.43,0.97,250,61.7,122.49,174.67,94.67,184.5,25.73,95.45,194.4,92.57,210,141.2,127.4,108.21,78.13,138.5,57.65,74.02,212.66,80.37,264.6,148.88,80.97,14.69,9.17,160.2
06:00,5378,6096,3778,20.93,18048,15,14,11,0.22,5038,5363,6082,3767,28.95,13010,12,12,7,0.48,1445,310,464,229,9.49,2412,2,2,1,0.07,1345,1360,866,804,18.56,4333,0,0,3,0.13,2248,3694,4752,2734,43.64,6265,85.66,237.01,213.18,90.33,236,7.7,7.89,4.31,1.72,250,7.69,7.88,4.64,1.86,250,7.61,7.73,6.15,2.46,250,81.28,176.4,174.22,94.43,184.5,31,227.12,193.49,92.14,210,136.77,168.42,123.42,85.41,144.5,67.04,139.06,208.37,78.75,264.6,148.74,23.49,14.69,9.17,160.2
06:15,5507,6178,3735,20.69,18048,52,55,43,0.85,5038,5455,6124,3693,28.39,13010,28,28,33,2.28,1445,316,455,203,8.42,2412,14,15,5,0.37,1345,1406,890,789,18.21,4333,10,12,4,0.18,2248,3733,4779,2701,43.11,6265,105.14,234.98,210.37,89.14,236,12.71,13.44,10.08,4.03,250,12.71,13.44,10.28,4.11,250,12.8,13.33,11.41,4.56,250,107.08,177.66,174.36,94.5,184.5,39.62,223.51,188.94,89.97,210,132.33,171.05,125.36,86.75,144.5,78.3,133.32,214.87,81.21,264.6,148.37,22.23,14.69,9.17,160.2
06:30,5645,6251,3733,20.68,18048,112,117,100,1.98,5038,5533,6134,3632,27.92,13010,49,49,74,5.12,1445,324,439,164,6.8,2412,29,32,16,1.19,1345,1453,922,749,17.29,4333,34,37,10,0.44,2248,3756,4772,2720,43.42,6265,130.43,235.26,211.47,89.61,236,19.07,20.49,17.93,7.17,250,19.06,20.48,19.03,7.61,250,18.88,20.11,20.13,8.05,250,126.97,178.37,174.61,94.64,184.5,49.29,225.54,192.43,91.63,210,127.81,174.25,121.27,83.92,144.5,89.07,128.96,213.53,80.7,264.6,145.39,21.08,14.69,9.17,160.2
06:45,5817,6433,3695,20.47,18048,208,213,159,3.16,5038,5609,6219,3536,27.18,13010,81,82,105,7.27,1445,333,394,117,4.85,2412,65,66,32,2.38,1345,1501,1067,726,16.76,4333,62,66,22,0.98,2248,3775,4759,2693,42.98,6265,149.59,241.1,212.6,90.08,236,26.46,28.7,24.03,9.61,250,26.45,28.69,25.05,10.02,250,26.22,27.93,26.62,10.65,250,140.98,178.16,177.91,96.43,184.5,59.67,238.59,193.63,92.2,210,123.25,153.73,122,84.43,144.5,103.48,155.97,214.43,81.04,264.6,140.67,82.74,14.69,9.17,160.2
07:00,6014,6582,3717,20.6,18048,329,335,247,4.9,5038,5685,6247,3470,26.67,13010,124,124,142,9.83,1445,341,391,89,3.69,2412,108,106,48,3.57,1345,1549,1113,745,17.19,4333,97,105,56,2.49,2248,3795,4743,2636,42.08,6265,160.44,239.83,213.88,90.63,236,34.18,37.21,36.21,14.48,250,34.18,37.2,35.6,14.24,250,33.92,36.14,35.86,14.34,250,151.71,179.04,177.85,96.4,184.5,73.75,236.97,195.42,93.06,210,118.85,155.31,126.83,87.77,144.5,119.17,156.02,214.66,81.13,264.6,133.43,84.68,14.69,9.17,160.2
07:15,6256,6740,3679,20.38,18048,458,465,356,7.07,5038,5798,6275,3322,25.53,13010,167,167,189,13.08,1445,349,389,86,3.57,2412,151,146,65,4.83,1345,1596,1161,726,16.76,4333,140,152,102,4.54,2248,3853,4724,2510,40.06,6265,166.17,238.83,214,90.68,236,41.75,45.29,67.86,27.14,250,41.75,45.28,51.91,20.76,250,41.53,43.92,50.69,20.28,250,161.73,180.07,178.36,96.67,184.5,91.78,235.31,193.1,91.95,210,114.43,156.7,128.59,88.99,144.5,138.77,156.15,213.67,80.75,264.6,124.49,86.14,14.69,9.17,160.2
07:30,6460,5096,3702,20.51,18048,589,581,500,9.92,5038,5871,4515,3202,24.61,13010,211,207,235,16.26,1445,358,288,110,4.56,2412,193,182,98,7.29,1345,1644,1101,684,15.79,4333,185,191,167,7.43,2248,3868,3126,2408,38.44,6265,170.79,236.53,209.05,88.58,236,49.62,47.67,91.33,36.53,250,49.61,48.06,77.28,30.91,250,49.46,47.66,61.16,24.46,250,171.9,180.64,177.8,96.37,184.5,110.22,230.67,184.48,87.85,210,110.1,170.62,129.38,89.54,144.5,159.23,269.08,210.46,79.54,264.6,115.43,40.27,14.69,9.17,160.2
07:45,6646,5275,3807,21.09,18048,721,711,607,12.05,5038,5925,4565,3200,24.6,13010,255,249,295,20.42,1445,369,286,113,4.68,2412,234,223,124,9.22,1345,1690,1123,668,15.42,4333,233,239,188,8.36,2248,3867,3156,2420,38.63,6265,173.96,238.09,202.69,85.89,236,57.72,55,119.33,47.73,250,57.72,55.46,95.88,38.35,250,57.66,54.99,102.19,40.88,250,177.72,181.02,178.31,96.64,184.5,130.61,232.29,175.95,83.79,210,106.27,168.71,128.34,88.82,144.5,174.45,270.99,209.77,79.28,264.6,106.56,42.36,14.69,9.17,160.2
08:00,6807,5438,3976,22.03,18048,855,842,812,16.12,5038,5953,4596,3163,24.31,13010,298,290,376,26.02,1445,380,283,109,4.52,2412,273,263,142,10.56,1345,1735,1151,650,15,4333,283,288,295,13.12,2248,3838,3162,2404,38.37,6265,175.39,239.21,201.5,85.38,236,66,62.33,141.92,56.77,250,66,62.86,144.75,57.9,250,66.07,62.32,155.07,62.03,250,180.27,180.89,177.56,96.24,184.5,150.79,232.32,173.48,82.61,210,102.42,171.82,117.54,81.34,144.5,184.98,272.31,209.22,79.07,264.6,98.86,44.91,14.69,9.17,160.2
08:15,6982,5592,4079,22.6,18048,988,974,890,17.67,5038,5994,4619,3189,24.51,13010,341,330,391,27.06,1445,389,277,115,4.77,2412,312,304,165,12.27,1345,1780,1184,628,14.49,4333,335,339,334,14.86,2248,3824,3158,2446,39.04,6265,176.35,239.74,208.55,88.37,236,74.65,69.63,138.59,55.44,250,74.65,70.21,140.02,56.01,250,74.87,69.63,156.82,62.73,250,181.57,180.64,178.18,96.57,184.5,162.55,233.01,180.47,85.94,210,99.19,176.79,108.44,75.04,144.5,192.2,272.42,212.03,80.13,264.6,90.92,47.54,14.69,9.17,160.2
08:30,7115,6361,4161,23.06,18048,1122,1107,1051,20.86,5038,5993,5254,3109,23.9,13010,384,370,420,29.07,1445,383,295,116,4.81,2412,349,344,201,14.94,1345,1777,1412,614,14.17,4333,389,392,430,19.13,2248,3833,3547,2379,37.97,6265,178.05,244.69,208.31,88.27,236,83.08,77.27,151.36,60.54,250,83.08,77.88,142.37,56.95,250,83.47,77.17,145.58,58.23,250,181.69,183.91,177.93,96.44,184.5,165.12,240.97,181.58,86.47,210,106.85,158.13,108.22,74.89,144.5,196.64,202.54,212.94,80.48,264.6,92.48,78.47,14.69,9.17,160.2
08:45,7249,6578,4238,23.48,18048,1254,1242,1235,24.51,5038,5995,5336,3003,23.08,13010,426,410,469,32.46,1445,379,293,120,4.98,2412,385,385,245,18.22,1345,1774,1431,611,14.1,4333,443,447,521,23.18,2248,3842,3611,2272,36.26,6265,180.65,244.07,210.49,89.19,236,91.45,85.46,162.4,64.96,250,91.45,86.05,153.18,61.27,250,92.03,85.06,133.05,53.22,250,181.78,183.98,176.22,95.51,184.5,167.68,239.9,186.17,88.65,210,115.34,161.5,105.83,73.24,144.5,201.48,212.83,214.3,80.99,264.6,94.03,85.12,76.82,47.95,160.2
09:00,7382,6106,4429,24.54,18048,1384,1412,1403,27.85,5038,5998,4694,3025,23.25,13010,467,471,565,39.1,1445,375,215,131,5.43,2412,419,433,257,19.11,1345,1772,1156,616,14.22,4333,498,507,581,25.85,2248,3851,3323,2278,36.36,6265,184.71,216.22,211.36,89.56,236,99.71,138.35,170.67,68.27,250,99.71,119.53,166.29,66.52,250,100.5,110.09,161,64.4,250,181.83,175.95,178.77,96.89,184.5,172.16,231.11,193.48,92.13,210,124.74,134.83,104.07,72.02,144.5,206.9,271.63,214.31,80.99,264.6,95.56,55.59,114.22,71.3,160.2
09:15,7516,6298,4620,25.6,18048,1512,1542,1531,30.39,5038,6004,4756,3089,23.74,13010,506,509,611,42.28,1445,371,207,139,5.76,2412,452,471,293,21.78,1345,1769,1176,624,14.4,4333,554,561,627,27.89,2248,3863,3373,2326,37.13,6265,190.44,220.48,211.52,89.63,236,107.8,148.36,190.85,76.34,250,107.81,128.18,192.78,77.11,250,108.81,118.11,196.1,78.44,250,181.89,175.89,178.14,96.55,184.5,175.66,232.71,194.87,92.8,210,134.45,145.11,105.93,73.31,144.5,213.25,273.47,213.77,80.79,264.6,97.09,60.26,114.24,71.31,160.2
09:30,7643,6475,4806,26.63,18048,1636,1670,1637,32.49,5038,6006,4805,3169,24.36,13010,545,546,658,45.54,1445,368,207,144,5.97,2412,483,508,332,24.68,1345,1767,1194,643,14.84,4333,609,615,647,28.78,2248,3871,3403,2382,38.02,6265,196.5,225.42,211.39,89.57,236,115.68,157.96,185.75,74.3,250,115.69,136.48,188.54,75.42,250,117.37,125.82,176.72,70.69,250,181.94,175.67,177.87,96.41,184.5,179.68,233.78,193.55,92.17,210,144.25,153.62,106.25,73.53,144.5,220.68,275.04,210.9,79.71,264.6,98.61,65.02,113.44,70.81,160.2
09:45,7750,6636,5050,27.98,18048,1757,1793,1786,35.45,5038,5993,4843,3263,25.08,13010,581,581,717,49.62,1445,365,216,134,5.56,2412,511,544,351,26.1,1345,1765,1199,651,15.02,4333,664,668,718,31.94,2248,3863,3427,2479,39.57,6265,202.1,229.19,210.83,89.33,236,123.78,165.53,191.52,76.61,250,123.79,143.86,202.77,81.11,250,125.28,132.48,208.99,83.6,250,181.97,175.18,177.11,95.99,184.5,184.7,232.33,192.85,91.83,210,154.04,159.21,107.53,74.42,144.5,228.93,275.34,202.33,76.47,264.6,100.09,69.84,113.15,70.63,160.2
10:00,7841,7382,5135,28.45,18048,1862,1901,1842,36.56,5038,5979,5481,3293,25.31,13010,614,611,777,53.77,1445,363,270,141,5.85,2412,537,575,347,25.8,1345,1763,1437,651,15.02,4333,711,715,718,31.94,2248,3853,3773,2501,39.92,6265,207.62,243.73,211.61,92.81,228,129.18,165.12,195.09,88.68,220,129.19,145.47,215.77,86.31,250,130.75,135.16,226.18,90.47,250,181.97,178.12,176.05,95.42,184.5,189.89,234.43,194.36,92.55,210,162.56,167.77,108.51,75.09,144.5,237.2,290.62,204.59,77.32,264.6,101.55,110,113.28,69.84,162.2
10:15,7914,7527,5114,28.34,18048,1949,1993,1790,35.53,5038,5965,5535,3324,25.55,13010,642,639,780,53.98,1445,362,271,134,5.56,2412,560,603,357,26.54,1345,1764,1457,654,15.09,4333,747,751,654,29.09,2248,3840,3807,2536,40.48,6265,213.75,245.26,213.29,93.55,228,132.13,161.31,181.85,82.66,220,132.14,144.15,210.97,84.39,250,133.57,134.54,224.91,89.96,250,181.94,177.86,173.99,94.3,184.5,195.88,237,199.76,95.12,210,170.45,173,108.06,89.68,120.5,248.22,293.09,208.46,78.78,264.6,102.77,116.61,113.41,69.92,162.2
10:30,7978,6869,5020,27.81,18048,2029,2278,1732,34.38,5038,5949,4591,3288,25.27,13010,667,747,769,53.22,1445,360,182,116,4.81,2412,581,661,399,29.67,1345,1766,1100,665,15.35,4333,780,870,564,25.09,2248,3822,3309,2507,40.02,6265,222.71,233.17,211.99,92.98,228,134.01,203.54,187.62,85.28,220,134.02,204.94,228.67,91.47,250,135.8,197.1,227.31,90.92,250,181.48,174.41,175.25,94.99,184.5,203.19,213.57,188.35,89.69,210,178.26,159.63,107.18,88.95,120.5,261.05,265.23,209.21,79.07,264.6,103.96,79.09,112.87,69.59,162.2
10:45,8031,7015,5096,28.24,18048,2101,2362,1861,36.94,5038,5930,4652,3235,24.87,13010,690,776,754,52.18,1445,359,185,96,3.98,2412,600,685,394,29.29,1345,1769,1113,702,16.2,4333,811,902,713,31.72,2248,3802,3354,2437,38.9,6265,233.52,234.6,211.76,92.88,228,135.81,203.07,183.46,83.39,220,135.82,204.47,229.22,91.69,250,136.94,195.58,208.61,83.44,250,181.02,174.06,177.62,96.27,184.5,210.82,219.66,166.86,79.46,210,180.67,162.84,103.83,86.17,120.5,273.49,269.18,212.18,80.19,264.6,105.2,84.7,112.81,69.55,162.2
11:00,8073,7141,5191,28.76,18048,2165,2438,1982,39.34,5038,5908,4703,3209,24.67,13010,711,803,796,55.09,1445,358,189,87,3.61,2412,616,705,428,31.82,1345,1771,1133,720,16.62,4333,838,930,758,33.72,2248,3780,3381,2402,38.34,6265,241.72,236.75,215.37,94.46,228,137.05,200.72,190.8,86.73,220,137.06,202.11,234.04,93.62,250,138.01,193.93,223.61,89.44,250,180.65,172.97,177.29,96.09,184.5,219.01,225.02,108.59,51.71,210,182.63,165.09,96.78,80.32,120.5,282,272.05,214.04,80.89,264.6,106.45,98.68,112.97,69.65,162.2
11:15,8103,7960,5135,28.45,18048,2220,2504,2000,39.7,5038,5883,5456,3135,24.1,13010,728,827,825,57.09,1445,356,194,80,3.32,2412,629,723,420,31.23,1345,1773,1439,715,16.5,4333,862,954,755,33.59,2248,3755,3823,2340,37.35,6265,245.37,248.6,214.5,94.08,228,137.73,198.29,186.43,84.74,220,137.74,199.66,222.74,89.1,250,138.51,191.36,200.5,80.2,250,180.43,173.74,177.85,96.4,184.5,227.65,246.43,121.07,57.65,210,184.11,187.66,99.68,82.72,120.5,287.09,297.5,214.33,81,264.6,107.7,138.04,112.39,69.29,162.2
11:30,8171,7987,5058,28.03,18048,2267,2550,2145,42.58,5038,5904,5437,2913,22.39,13010,743,842,801,55.43,1445,351,199,73,3.03,2412,640,737,453,33.68,1345,1766,1440,542,12.51,4333,883,971,890,39.59,2248,3787,3798,2299,36.7,6265,245.32,248.5,213.9,93.82,228,137.87,191.36,173.66,78.94,220,137.88,192.64,239.27,95.71,250,138.47,184.45,216.59,86.64,250,179.96,174.41,146.43,79.37,184.5,227.84,246.5,166.79,79.42,210,185.21,187.52,100.83,83.68,120.5,287.73,297.48,213.51,80.69,264.6,112.24,140.32,113.54,70,162.2
11:45,8205,8011,4990,27.65,18048,2305,2570,2139,42.46,5038,5900,5441,2851,21.91,13010,755,847,785,54.33,1445,346,243,77,3.19,2412,649,745,406,30.19,1345,1759,1441,441,10.18,4333,900,978,948,42.17,2248,3796,3757,2332,37.22,6265,245.24,248.4,214.21,93.95,228,137.48,179.33,186.74,84.88,220,137.49,180.44,242.29,96.92,250,137.88,171.67,223.45,89.38,250,179.34,175.04,174,94.31,184.5,228.03,246.57,181.31,86.34,210,186.35,187.47,101.04,83.85,120.5,288.52,297.46,212.26,80.22,264.6,117.22,142.53,113.93,70.24,162.2
12:00,8228,6638,4985,27.62,18048,2334,2523,2120,42.08,5038,5894,4115,2865,22.02,13010,765,873,747,51.7,1445,341,182,73,3.03,2412,655,747,393,29.22,1345,1752,1040,423,9.76,4333,914,903,980,43.59,2248,3802,2892,2369,37.81,6265,244.91,224.89,213.54,93.66,228,136.54,159.73,178.55,81.16,220,136.55,209.08,231.89,92.76,250,136.74,189.56,193.86,77.54,250,178.36,175.11,164.62,89.22,184.5,228.22,228.32,181.9,81.72,222.6,187.52,151.83,101.55,86.06,118,289.13,266.19,212.1,80.16,264.6,122.27,129.91,116.97,72.11,162.2
12:15,8237,6669,4776,26.46,18048,2353,2549,1858,36.88,5038,5884,4120,2918,22.43,13010,771,884,716,49.55,1445,336,185,71,2.94,2412,658,754,348,25.87,1345,1745,1048,466,10.75,4333,924,911,794,35.32,2248,3803,2888,2382,38.02,6265,244.46,223.62,213.18,93.5,228,135.06,154.67,151.79,69,220,135.08,202.46,212.7,85.08,250,135.07,183.25,202.07,80.83,250,177.41,175.01,163.69,88.72,184.5,228.41,228.88,181.25,81.42,222.6,188.52,155.81,98.39,83.38,118,289.75,267.86,216.99,82.01,264.6,127.39,132.74,115.04,70.92,162.2
12:30,8239,6680,4982,27.6,18048,2364,2564,1903,37.77,5038,5875,4115,3079,23.67,13010,774,892,687,47.54,1445,332,186,68,2.82,2412,659,757,348,25.87,1345,1739,1058,560,12.92,4333,931,915,868,38.61,2248,3804,2872,2452,39.14,6265,244,221.03,213.63,93.7,228,133.09,149,177.87,80.85,220,133.1,195.04,185.18,74.07,250,132.89,176.21,187.33,74.93,250,176.46,175,173.29,93.92,184.5,228.57,230.99,181.68,81.62,222.6,189.55,159.46,101.69,86.18,118,290.02,270.1,216.03,81.64,264.6,132.52,136,116.08,71.57,162.2
12:45,8232,6684,5050,27.98,18048,2365,2570,1947,38.65,5038,5868,4114,3103,23.85,13010,774,896,585,40.48,1445,327,184,64,2.65,2412,658,758,357,26.54,1345,1733,1074,596,13.75,4333,933,916,1006,44.75,2248,3808,2856,2443,38.99,6265,243.54,217.94,210.26,92.22,228,130.62,142.8,168.68,76.67,220,130.64,186.91,179.55,71.82,250,129.69,168.54,202.8,81.12,250,175.57,175.15,172.38,93.43,184.5,228.6,231,182.31,81.9,222.6,190.57,163.12,104.34,88.42,118,289.99,272.3,216.12,81.68,264.6,137.65,138.99,120.96,74.57,162.2
13:00,8211,7463,5225,28.95,18048,2350,2546,2101,41.7,5038,5861,4916,3124,24.01,13010,767,884,649,44.91,1445,323,229,64,2.65,2412,648,750,445,33.09,1345,1728,1379,573,13.22,4333,935,912,1007,44.8,2248,3810,3308,2487,39.7,6265,243.03,229.57,210.95,92.52,228,126.21,135.08,143.4,65.18,220,126.22,175.27,188.71,75.48,250,125.53,158.47,204.73,81.89,250,174.64,176.77,170.17,92.23,184.5,228.62,246.43,182.48,81.98,222.6,191.49,182.62,102.55,86.91,118,289.88,296.25,216.96,82,264.6,142.67,148.14,123.64,76.23,162.2
13:15,8177,7421,5223,28.94,18048,2320,2492,2131,42.3,5038,5856,4928,3092,23.77,13010,753,856,609,42.15,1445,320,231,72,2.99,2412,632,731,514,38.22,1345,1723,1390,582,13.43,4333,936,906,1009,44.88,2248,3813,3308,2439,38.93,6265,242.49,225.37,212.75,93.31,228,120.96,125.66,161.13,73.24,220,120.97,159.67,190.7,76.28,250,119.93,145.61,203.34,81.34,250,173.7,176.63,169.22,91.72,184.5,228.65,246.27,184.05,82.68,222.6,192.41,183.07,101.7,86.19,118,289.77,296.6,207.03,78.24,264.6,147.76,149.44,123.96,76.42,162.2
13:30,8133,8126,5138,28.47,18048,2281,2119,2008,39.86,5038,5851,6006,3130,24.06,13010,736,728,663,45.88,1445,317,167,80,3.32,2412,612,619,449,33.38,1345,1719,967,603,13.92,4333,933,772,896,39.86,2248,3815,4873,2448,39.07,6265,241.94,204.4,211.94,92.96,228,115.34,124.45,165.88,75.4,220,115.34,178.31,141.35,56.54,250,113.96,159.53,194.13,77.65,250,172.77,177.35,167.66,90.87,184.5,228.67,199.49,186.25,83.67,222.6,193.33,159.21,97.57,69.69,140,289.66,256.23,215.23,81.34,264.6,152.39,142.23,126.5,77.99,162.2
13:45,8081,8097,5225,28.95,18048,2233,2066,1958,38.86,5038,5849,6031,3266,25.1,13010,716,708,592,40.97,1445,315,167,83,3.44,2412,591,599,465,34.57,1345,1716,991,663,15.3,4333,926,759,902,40.12,2248,3818,4872,2520,40.22,6265,241.4,198.36,212.16,93.05,228,109.36,120.75,139.17,55.67,250,109.36,173,124.73,49.89,250,107.64,154.75,155.1,62.04,250,171.4,167.75,171,92.68,184.5,228.62,217.41,184.83,83.03,222.6,194.16,162.55,95.79,68.42,140,289.53,256.16,205.7,77.74,264.6,155.88,144.62,124.83,76.96,162.2
14:00,8022,8063,5157,28.57,18048,2176,2005,1786,35.45,5038,5846,6057,3371,25.91,13010,693,686,575,39.79,1445,313,172,90,3.73,2412,568,577,387,28.77,1345,1712,1016,723,16.69,4333,915,743,824,36.65,2248,3821,4869,2558,40.83,6265,240.7,189.14,211.98,89.82,236,103.08,116.6,126.81,50.72,250,103.09,167.06,130.36,52.14,250,100.53,149.4,116.96,46.78,250,169.88,176.76,168.14,91.13,184.5,228.4,226.06,186.98,84,222.6,194.94,164.44,93.06,66.47,140,289.24,256.73,213.95,80.86,264.6,159.38,147.36,124.63,76.84,162.2
14:15,7962,7813,5230,28.98,18048,2110,1935,1793,35.59,5038,5852,5878,3437,26.42,13010,668,659,630,43.6,1445,312,174,93,3.86,2412,542,552,369,27.43,1345,1710,1044,740,17.08,4333,900,724,794,35.32,2248,3830,4660,2605,41.58,6265,239.87,178.74,209.75,88.88,236,96.07,112.04,139.53,55.81,250,96.08,160.53,134.29,53.72,250,93.76,143.53,72.21,28.88,250,168.36,175.79,165.05,89.46,184.5,228.19,228.07,186.26,83.67,222.6,195.72,167.03,90.83,64.88,140,288.87,256.52,213.88,80.83,264.6,162.28,150.05,127.49,79.58,160.2
14:30,7874,7848,5446,30.18,18048,2036,1858,1884,37.4,5038,5838,5990,3563,27.39,13010,640,629,732,50.66,1445,311,178,105,4.35,2412,515,528,339,25.2,1345,1702,1080,779,17.98,4333,881,702,813,36.17,2248,3825,4732,2678,42.75,6265,237.9,176.61,207.5,87.92,236,89.4,105.92,123.63,49.45,250,89.41,149.94,128.98,51.59,250,86.83,134.3,80.99,32.4,250,168.37,172.6,166.85,90.43,184.5,226.1,228.16,186.25,83.67,222.6,195.15,165.17,90.95,81.21,112,287.12,257.11,215.96,81.62,264.6,163.45,145.48,131.12,81.85,160.2
14:45,7778,8228,5365,29.73,18048,1956,1777,1782,35.37,5038,5822,6451,3583,27.54,13010,610,597,679,46.99,1445,310,251,124,5.14,2412,486,504,307,22.83,1345,1694,1359,778,17.96,4333,859,677,796,35.41,2248,3817,4841,2681,42.79,6265,235.92,200.36,204.95,86.84,236,82.59,98.16,160.15,64.06,250,82.59,135.03,128.83,51.53,250,79.79,121.49,123.92,49.57,250,168.39,176.22,171.61,93.01,184.5,224,243.9,186.96,83.99,222.6,194.54,172.59,89.22,79.66,112,285.36,282.2,216.6,81.86,264.6,164.44,138.25,133.2,83.15,160.2
15:00,7671,5759,5212,28.88,18048,1866,1822,1654,32.83,5038,5805,3937,3558,27.35,13010,578,537,642,44.43,1445,310,179,141,5.85,2412,456,528,307,22.83,1345,1686,1045,713,16.46,4333,832,757,705,31.36,2248,3808,2712,2704,43.16,6265,232.77,175.86,206.77,87.61,236,75.69,112.64,80.36,32.14,250,75.7,97.12,83.75,33.5,250,72.72,122.26,93.53,37.41,250,168.39,173.88,168.04,91.08,184.5,222.13,180.81,184.29,82.79,222.6,193.91,130.78,94.17,84.08,112,282.94,250.09,215.97,81.62,264.6,164.2,112.44,136.41,85.15,160.2
15:15,7557,5750,5184,28.72,18048,1770,1721,1546,30.69,5038,5787,4029,3638,27.96,13010,544,505,556,38.48,1445,310,189,145,6.01,2412,425,493,280,20.82,1345,1678,1085,789,18.21,4333,801,723,709,31.54,2248,3799,2755,2704,43.16,6265,229.39,173.38,203.98,86.43,236,68.77,105.56,57.08,22.83,250,68.77,91.02,100.34,40.14,250,65.65,114.56,94.21,37.68,250,168.27,171.69,167.9,91,184.5,220.3,176.26,184.01,82.66,222.6,193.28,127.16,102.24,91.29,112,280.39,248.71,217.5,82.2,264.6,163.97,110.79,144,89.89,160.2
15:30,7435,5703,5265,29.17,18048,1666,1615,1565,31.06,5038,5769,4088,3700,28.44,13010,507,472,527,36.47,1445,311,201,156,6.47,2412,393,457,303,22.53,1345,1671,1124,877,20.24,4333,765,686,735,32.7,2248,3788,2763,2667,42.57,6265,226.23,171.9,202.22,85.69,236,61.87,98.13,97.84,39.14,250,61.88,84.62,138.13,55.25,250,58.67,106.5,78.9,31.56,250,168.15,169.91,168.69,91.43,184.5,218.45,171.81,184.18,82.74,222.6,192.62,123.49,108.82,97.16,112,277.65,246.46,219.66,83.02,264.6,163.67,107.06,145.79,91,160.2
15:45,7306,5669,5486,30.4,18048,1556,1498,1703,33.8,5038,5750,4171,3782,29.07,13010,470,438,499,34.53,1445,311,215,161,6.67,2412,361,419,352,26.17,1345,1663,1171,934,21.56,4333,726,641,853,37.94,2248,3776,2785,2688,42.91,6265,223.78,169.61,199.05,84.34,236,55.07,88.91,91.68,36.67,250,55.08,77.08,103.35,41.34,250,51.84,96.09,111.83,44.73,250,168.03,166.47,163.3,88.51,184.5,216.54,167.85,184.01,82.66,222.6,191.91,119.63,104.36,93.18,112,274.25,241.51,219.53,82.97,264.6,163.31,104.56,146.81,91.64,160.2
16:00,7158,6487,5385,29.84,18048,1427,1357,1529,30.35,5038,5730,5130,3856,29.64,13010,427,398,451,31.21,1445,311,307,176,7.3,2412,327,377,363,26.99,1345,1656,1498,1038,23.96,4333,674,582,715,31.81,2248,3763,3326,2642,42.17,6265,221.28,191.75,193.84,82.14,236,48.83,77,108.88,43.55,250,48.83,67.62,109.11,43.64,250,45.79,82.63,76.77,30.71,250,167.91,167.66,159.91,86.67,184.5,214.63,189.79,180.31,81,222.6,191.2,126.26,97.23,86.81,112,270.85,266.98,217.86,82.34,264.6,162.96,97.98,142.06,88.68,160.2
16:15,6994,6433,5110,28.31,18048,1284,1205,1305,25.9,5038,5710,5228,3805,29.25,13010,379,353,442,30.59,1445,310,324,181,7.5,2412,293,334,315,23.42,1345,1650,1551,1058,24.42,4333,611,517,547,24.33,2248,3750,3353,2566,40.96,6265,218.77,191.86,191.55,81.17,236,43.09,64.9,54.9,21.96,250,43.09,57.77,45.02,18.01,250,40.58,69.27,126.36,50.54,250,167.66,164.78,163.95,88.86,184.5,212.89,185.51,174.69,78.48,222.6,190.5,119.9,87.57,78.19,112,268.05,264.04,213.98,80.87,264.6,162.52,93.71,136.52,85.22,160.2
16:30,6831,5397,5106,28.29,18048,1140,1110,1260,25.01,5038,5690,4287,3846,29.56,13010,333,367,439,30.38,1445,309,221,186,7.71,2412,260,286,287,21.34,1345,1646,1193,1120,25.85,4333,547,457,534,23.75,2248,3736,2873,2541,40.56,6265,216.26,167.73,188.23,79.76,236,37.44,59.21,85.11,34.04,250,37.44,52.63,84.55,33.82,250,35.42,52.62,151.71,60.68,250,167.4,155.25,175.43,95.08,184.5,211.26,156.11,170.24,76.48,222.6,189.47,104.45,78.47,62.28,126,265.63,230.57,205.33,77.6,264.6,161.91,98.12,134.11,83.71,160.2
16:45,6670,5351,5084,28.17,18048,998,967,1155,22.93,5038,5672,4385,3930,30.21,13010,287,316,381,26.37,1445,309,237,206,8.54,2412,226,247,240,17.84,1345,1642,1238,1155,26.66,4333,484,403,534,23.75,2248,3721,2910,2568,40.99,6265,212.45,165.59,192.49,81.56,236,31.92,50.17,118.96,47.58,250,31.92,44.6,127.58,51.03,250,30.36,44.86,125.28,50.11,250,167.15,149.97,171.9,93.17,184.5,209.63,151.54,171.09,76.86,222.6,188.38,101.33,69.5,55.16,126,263.22,225.81,201.1,76,264.6,161.16,95.43,127.28,79.45,160.2
17:00,6510,5289,5153,28.55,18048,858,827,1080,21.44,5038,5652,4462,4073,31.31,13010,243,267,284,19.65,1445,310,254,235,9.74,2412,194,210,220,16.36,1345,1640,1286,1201,27.72,4333,422,350,577,25.67,2248,3702,2922,2637,42.09,6265,207.67,162.38,195.69,82.92,236,26.58,40.86,115.13,46.05,250,26.58,36.48,106.62,42.65,250,25.44,36.88,100.17,40.07,250,166.89,143.77,173.83,94.22,184.5,208.37,147,179.03,80.43,222.6,187.29,96.73,61.37,48.71,126,260.81,221.2,196.76,74.36,264.6,160.22,93.08,106.95,66.76,160.2
17:15,6345,5186,5076,28.13,18048,722,689,871,17.29,5038,5623,4498,4204,32.31,13010,200,218,232,16.06,1445,307,274,265,10.99,2412,162,173,191,14.2,1345,1637,1304,1205,27.81,4333,360,297,448,19.93,2248,3678,2919,2734,43.64,6265,205.53,160.98,192.11,81.4,236,21.47,31.59,98.33,39.33,250,21.47,28.5,76.35,30.54,250,20.69,28.93,86.56,34.62,250,166.63,135.26,171.06,92.72,184.5,207.11,141.84,175.26,78.73,222.6,186.2,94.32,51.85,41.15,126,258.39,215.44,195.01,73.7,264.6,159.28,89.23,94.83,59.19,160.2
17:30,6098,5537,4855,26.9,18048,590,554,719,14.27,5038,5508,4983,4136,31.79,13010,159,171,188,13.01,1445,309,361,278,11.53,2412,131,138,167,12.42,1345,1567,1559,1138,26.26,4333,300,245,364,16.19,2248,3632,3063,2720,43.42,6265,206.08,150.48,178.73,75.73,236,16.6,23.33,74.9,29.96,250,16.61,21.29,61.49,24.6,250,16.14,21.7,69.75,27.9,250,165.83,143.11,162.53,88.09,184.5,207.8,172.57,163.6,73.5,222.6,186.65,121.6,50.02,39.7,126,259.43,248.04,191.71,72.45,264.6,159.66,103.55,91.23,56.25,162.2
17:45,5837,5294,4575,25.35,18048,463,428,526,10.44,5038,5375,4866,4049,31.12,13010,120,127,141,9.76,1445,316,360,232,9.62,2412,101,105,131,9.74,1345,1497,1507,1148,26.49,4333,242,196,255,11.34,2248,3561,2999,2668,42.59,6265,208.44,147.47,161.69,68.51,236,12.02,16.08,50.65,20.26,250,12.03,14.86,36.5,14.6,250,11.62,15.2,60.11,24.04,250,164.97,143.27,158.16,85.72,184.5,208.5,171.08,161.99,72.77,222.6,187.11,121.61,52.78,41.89,126,260.46,246.12,162.81,61.53,264.6,160.04,104.39,91.52,56.42,162.2
18:00,5576,6069,4197,23.25,18048,341,322,386,7.66,5038,5235,5748,3811,29.29,13010,83,100,102,7.06,1445,323,227,204,8.46,2412,73,82,111,8.25,1345,1430,1204,1058,24.42,4333,186,140,173,7.7,2248,3482,4317,2549,40.69,6265,211.01,153.43,151.89,64.36,236,7.79,10.39,36.63,14.65,250,7.81,9.86,34.39,13.76,250,7.6,13.16,46.12,18.45,250,163.85,145.69,160.95,87.24,184.5,209.19,137.94,152.44,68.48,222.6,187.57,96.26,61.01,47.11,129.5,261.5,206.72,136.19,51.47,264.6,160.43,143.87,89.95,55.46,162.2
18:15,5318,5901,3927,21.76,18048,229,217,289,5.74,5038,5089,5684,3639,27.97,13010,51,64,65,4.5,1445,328,230,176,7.3,2412,46,50,88,6.54,1345,1366,1226,1013,23.38,4333,132,102,135,6.01,2248,3394,4228,2449,39.09,6265,212.75,145.76,151.29,64.11,236,4.24,5.6,31.28,12.51,250,4.26,5.32,29.62,11.85,250,4.17,6.81,35.67,14.27,250,162.72,143.2,155.75,84.42,184.5,209.88,133.84,150.94,67.81,222.6,188.02,93.27,58.27,45,129.5,262.53,202.16,133.82,50.57,264.6,160.59,143.31,92.48,57.02,162.2
18:30,5073,5703,3742,20.73,18048,134,131,215,4.27,5038,4940,5572,3528,27.12,13010,28,38,39,2.7,1445,334,232,157,6.51,2412,23,25,73,5.43,1345,1304,1201,985,22.73,4333,82,68,102,4.54,2248,3302,4139,2386,38.08,6265,213.1,140.19,144.9,61.4,236,1.19,1.55,12.95,5.18,250,1.2,1.49,13.06,5.22,250,1.26,2.01,13.87,5.55,250,161.6,143.55,146.51,79.41,184.5,210.58,128.88,146.51,65.82,222.6,188.48,88.9,56.09,41.39,135.5,263.57,196.8,132.88,50.22,264.6,160.71,142.47,94.05,57.98,162.2
18:45,4856,5533,3569,19.78,18048,66,63,143,2.84,5038,4790,5469,3426,26.33,13010,12,16,16,1.11,1445,341,232,164,6.8,2412,7,8,65,4.83,1345,1243,1188,959,22.13,4333,48,40,63,2.8,2248,3206,4049,2303,36.76,6265,213.93,133.42,156.13,66.16,236,0,0.01,0.41,0.16,250,0,0.01,0.79,0.32,250,0,0.01,0.71,0.28,250,160.34,145.02,138.86,75.26,184.5,211.35,124.41,157.07,70.56,222.6,188.93,86.31,53.17,39.24,135.5,264.57,190.4,138.53,52.35,264.6,160.82,141.84,89.73,55.32,162.2
19:00,4664,5448,3458,19.16,18048,22,16,91,1.81,5038,4642,5432,3367,25.88,13010,1,1,3,0.21,1445,348,276,178,7.38,2412,0,0,55,4.09,1345,1184,1195,981,22.64,4333,21,16,32,1.42,2248,3110,3960,2208,35.24,6265,214.75,117.2,170.8,72.37,236,0,0,0,0,250,0,0,0,0,250,0,0,0,0,250,158.89,133.08,130.65,70.81,184.5,212.12,124.97,174.27,78.29,222.6,189.39,113.99,56.05,41.37,135.5,265.57,203.88,149.45,56.48,264.6,160.92,119.12,85.63,52.79,162.2
19:15,4497,5316,3379,18.72,18048,2,1,51,1.01,5038,4495,5315,3328,25.58,13010,0,0,1,0.07,1445,356,278,179,7.42,2412,0,0,34,2.53,1345,1128,1167,978,22.57,4333,2,1,15,0.67,2248,3011,3870,2170,34.64,6265,215.57,111.71,181.16,76.76,236,0,0,0,0,250,0,0,0,0,250,0,0,0,0,250,157.43,133.98,108.05,58.56,184.5,212.89,123.85,191.85,86.19,222.6,189.84,114.69,55.28,40.8,135.5,266.58,199.92,170.6,64.47,264.6,160.99,120.81,89.86,55.4,162.2
19:30,4315,3846,3225,20.61,15644,0,0,37,1.17,3165,4315,3846,3188,25.55,12479,0,0,0,0,1445,365,276,169,7.01,2412,0,0,29,2.16,1345,1075,1125,922,21.28,4333,0,0,8,2.13,375,2876,2445,2096,36.55,5734,216.39,125.79,177.38,75.16,236,0,0,0,0,250,0,0,0,0,250,0,0,0,0,250,155.98,163.94,106.21,57.57,184.5,213.67,135.34,193,86.7,222.6,190.3,95.54,41.27,30.46,135.5,267.58,175.14,158.49,59.9,264.6,161.07,74.4,83.45,51.45,162.2
19:45,4173,3742,3082,19.7,15644,0,0,32,1.01,3165,4173,3742,3050,24.44,12479,0,0,0,0,1445,373,287,157,6.51,2412,0,0,28,2.08,1345,1024,1086,876,20.22,4333,0,0,4,1.07,375,2777,2369,2017,35.18,5734,217.03,116.36,169.23,71.71,236,0,0,0,0,250,0,0,0,0,250,0,0,0,0,250,154.12,160.79,111.9,60.65,184.5,214.44,125.35,176.45,79.27,222.6,190.75,100.36,32.54,24.01,135.5,268.58,171.94,153.41,57.98,264.6,161.12,72.07,78.29,48.27,162.2
20:00,4033,3631,2944,18.82,15644,0,0,27,0.85,3165,4033,3631,2917,23.38,12479,0,0,0,0,1445,381,282,162,6.72,2412,0,0,23,1.71,1345,974,1056,764,17.63,4333,0,0,3,0.8,375,2678,2293,1991,34.72,5734,217.4,107.61,149.38,63.3,236,0,0,0,0,250,0,0,0,0,250,0,0,0,0,250,152.12,157.09,132.97,72.07,184.5,215.21,120.03,156.53,70.32,222.6,191.13,107.19,38.2,28.19,135.5,269.58,164.75,157.28,59.44,264.6,161.08,70.77,71.91,44.33,162.2
20:15,3923,3513,2816,18,15644,0,0,18,0.57,3165,3923,3513,2798,22.42,12479,0,0,0,0,1445,394,276,211,8.75,2412,0,0,14,1.04,1345,927,1023,701,16.18,4333,0,0,3,0.8,375,2602,2215,1886,32.89,5734,217.77,99.88,137.79,58.39,236,0,0,0,0,250,0,0,0,0,250,0,0,0,0,250,150.22,157.38,133.52,72.37,184.5,216.04,112.03,160.5,72.1,222.6,191.34,116.87,46.86,34.58,135.5,270.78,149.03,156.47,59.13,264.6,160.98,68.99,69.91,43.1,162.2
20:30,3862,3381,2782,17.78,15644,0,0,18,0.57,3165,3862,3381,2764,22.15,12479,0,0,0,0,1445,403,298,258,10.7,2412,0,0,14,1.04,1345,891,992,669,15.44,4333,0,0,3,0.8,375,2568,2092,1838,32.05,5734,216.07,85.42,134.25,56.89,236,0,0,0,0,250,0,0,0,0,250,0,0,0,0,250,150.56,160.1,128.1,69.43,184.5,214.96,105.42,164.22,73.77,222.6,191.13,128.07,51.1,37.71,135.5,269.13,169.45,169.14,63.92,264.6,161.33,103.54,76.96,47.45,162.2
20:45,3840,3395,2758,17.63,15644,0,0,18,0.57,3165,3840,3395,2741,21.96,12479,0,0,0,0,1445,411,305,304,12.6,2412,0,0,14,1.04,1345,857,979,667,15.39,4333,0,0,3,0.8,375,2573,2111,1770,30.87,5734,214.37,95.79,146.69,62.16,236,0,0,0,0,250,0,0,0,0,250,0,0,0,0,250,151.01,158.42,146.38,79.34,184.5,213.93,108.03,162.65,73.07,222.6,190.76,132.89,51.28,37.85,135.5,267.55,171.81,169.67,64.12,264.6,161.51,104.27,75.66,46.65,162.2
21:00,3821,3329,2829,18.08,15644,0,0,18,0.57,3165,3821,3329,2812,22.53,12479,0,0,0,0,1445,419,227,321,13.31,2412,0,0,14,1.04,1345,823,933,645,14.89,4333,0,0,3,0.8,375,2579,2169,1846,32.19,5734,212.66,93.47,149.83,63.49,236,0,0,0,0,250,0,0,0,0,250,0,0,0,0,250,151.45,94.66,153.4,83.14,184.5,212.73,111.98,156.85,70.46,222.6,190.36,123.73,46.88,34.6,135.5,265.97,149.82,178.19,67.34,264.6,161.61,84.92,69.35,42.76,162.2
21:15,3802,3310,2941,18.8,15644,0,0,17,0.54,3165,3802,3310,2924,23.43,12479,0,0,0,0,1445,427,245,360,14.93,2412,0,0,13,0.97,1345,791,929,663,15.3,4333,0,0,3,0.8,375,2584,2137,1902,33.17,5734,210.96,94.39,150.11,63.61,236,0,0,0,0,250,0,0,0,0,250,0,0,0,0,250,151.89,92.21,139.85,75.8,184.5,211.35,115.18,146.03,65.6,222.6,189.93,128.19,45.59,33.65,135.5,264.39,151.95,178.68,67.53,264.6,161.67,79.3,62.75,38.69,162.2
21:30,3785,3308,3034,19.39,15644,0,0,17,0.54,3165,3785,3308,3018,24.18,12479,0,0,0,0,1445,436,260,399,16.54,2412,0,0,13,0.97,1345,759,921,682,15.74,4333,0,0,3,0.8,375,2590,2126,1937,33.78,5734,209.23,94.63,152.85,64.77,236,0,0,0,0,250,0,0,0,0,250,0,0,0,0,250,152.31,83.62,120.7,65.42,184.5,209.97,119.4,148.42,66.68,222.6,189.5,134.26,48.62,35.88,135.5,262.81,161.72,173.11,65.42,264.6,161.67,78.11,67.19,41.42,162.2
21:45,3768,3285,3031,19.37,15644,0,0,16,0.51,3165,3768,3285,3015,24.16,12479,0,0,0,0,1445,445,274,449,18.62,2412,0,0,13,0.97,1345,728,898,677,15.62,4333,0,0,3,0.8,375,2595,2113,1889,32.94,5734,208.02,91.07,135.2,57.29,236,0,0,0,0,250,0,0,0,0,250,0,0,0,0,250,152.72,80.68,120.62,65.38,184.5,208.8,119.26,135.54,60.89,222.6,189.07,137.45,46.58,34.38,135.5,261.23,161.49,166.98,63.11,264.6,161.5,73.25,63.74,39.3,162.2
22:00,3752,3249,2948,18.84,15644,0,0,23,0.73,3165,3752,3249,2925,23.44,12479,0,0,7,0.48,1445,455,346,476,19.73,2412,0,0,12,0.89,1345,697,849,599,13.82,4333,0,0,3,0.8,375,2600,2054,1849,32.25,5734,206.78,115.06,140.72,59.63,236,0,0,0,0,250,0,0,0,0,250,0,0,0,0,250,153.14,112.18,124.56,67.51,184.5,207.56,103.01,152.45,68.49,222.6,188.63,143.48,41.82,30.86,135.5,259.65,131.74,173.5,65.57,264.6,161.08,73.52,57.42,35.4,162.2
22:15,3739,3275,2928,18.72,15644,0,0,35,1.11,3165,3739,3275,2892,23.17,12479,0,0,20,1.38,1445,465,368,486,20.15,2412,0,0,12,0.89,1345,667,842,547,12.62,4333,0,0,3,0.8,375,2606,2066,1859,32.42,5734,205.55,121.36,151.47,64.18,236,0,0,0,0,250,0,0,0,0,250,0,0,0,0,250,153.56,113.97,139.44,75.58,184.5,206.24,105.51,162.62,73.05,222.6,188.2,147.14,39.77,29.35,135.5,258.04,135.3,167.73,63.39,264.6,160.66,73.9,61.76,38.08,162.2
22:30,3725,2865,3018,19.29,15644,0,0,19,0.6,3165,3725,2865,2999,24.03,12479,0,0,3,0.21,1445,475,294,525,21.77,2412,0,0,12,0.89,1345,638,636,544,12.55,4333,0,0,3,0.8,375,2612,1935,1930,33.66,5734,204.31,119.84,151.44,64.17,236,0,0,0,0,250,0,0,0,0,250,0,0,0,0,250,153.97,156.78,145.01,78.6,184.5,204.92,178.73,157.17,70.61,222.6,187.77,67.39,38.06,28.09,135.5,256.43,159.8,176.9,66.86,264.6,160.24,61.35,64.42,39.72,162.2
22:45,3715,2853,3114,19.91,15644,0,0,16,0.51,3165,3715,2853,3097,24.82,12479,0,0,0,0,1445,486,330,592,24.54,2412,0,0,12,0.89,1345,612,606,558,12.88,4333,0,0,3,0.8,375,2618,1916,1947,33.96,5734,203.08,117.38,152.74,64.72,236,0,0,0,0,250,0,0,0,0,250,0,0,0,0,250,154.39,155.18,140.16,75.97,184.5,203.58,180.14,169.71,76.24,222.6,187.33,68.93,36.56,26.98,135.5,254.92,162.87,178.78,67.57,264.6,159.82,59.94,58.28,35.93,162.2
23:00,3709,2856,3123,19.96,15644,0,0,16,0.51,3165,3709,2856,3106,24.89,12479,0,0,0,0,1445,497,362,674,27.94,2412,0,0,12,0.89,1345,588,591,561,12.95,4333,0,0,3,0.8,375,2624,1902,1871,32.63,5734,201.85,120.23,161.47,68.42,236,0,0,0,0,250,0,0,0,0,250,0,0,0,0,250,154.8,161.07,146.48,79.39,184.5,202.2,180.4,181,81.31,222.6,186.9,70.4,40.06,29.56,135.5,253.71,164.85,186.66,70.54,264.6,159.39,58.96,58.43,36.02,162.2
23:15,3710,2880,3147,20.12,15644,0,0,16,0.51,3165,3710,2880,3131,25.09,12479,0,0,0,0,1445,509,392,747,30.97,2412,0,0,12,0.89,1345,566,570,569,13.13,4333,0,0,3,0.8,375,2635,1918,1815,31.65,5734,200.61,122.95,158.12,67,236,0,0,0,0,250,0,0,0,0,250,0,0,0,0,250,155.17,165.96,147.53,79.96,184.5,200.83,178.89,178.11,80.01,222.6,186.47,68.69,41.23,30.43,135.5,252.56,167.21,194.33,73.44,264.6,158.96,54.95,61.29,37.79,162.2
23:30,3741,3199,3187,20.37,15644,0,0,16,0.51,3165,3741,3199,3171,25.41,12479,0,0,0,0,1445,519,451,807,33.46,2412,0,0,12,0.89,1345,568,680,556,12.83,4333,0,0,3,0.8,375,2654,2068,1809,31.55,5734,201.55,155.59,132.06,55.96,236,0,0,0,0,250,0,0,0,0,250,0,0,0,0,250,158.07,148.57,131.81,71.44,184.5,200.11,153.67,156.23,70.18,222.6,184.95,125.93,43.2,31.88,135.5,251.86,144.38,185.08,69.95,264.6,157.46,62.28,63.55,39.18,162.2
23:45,3774,3227,3175,20.3,15644,0,0,16,0.51,3165,3774,3227,3158,25.31,12479,0,0,0,0,1445,529,472,819,33.96,2412,0,0,12,0.89,1345,571,689,525,12.12,4333,0,0,3,0.8,375,2673,2066,1814,31.64,5734,202.25,158.45,103.26,43.75,236,0,0,0,0,250,0,0,0,0,250,0,0,0,0,250,160.53,147.27,114.16,61.88,184.5,199.18,156.57,135.57,60.9,222.6,183.44,125.24,43.44,32.06,135.5,251.09,148.67,167.27,63.22,264.6,155.96,63.58,74.17,45.73,162.2
