"Time Stamp",WR_WR_COMBINED_R0,WR_WR_COMBINED_16,WR_WR_COMBINED_Act,WR_WR_COMBINED_CUF,WR_WR_COMBINED_AVC,"WR_WR_SOLAR _R0","WR_WR_SOLAR _16","WR_WR_SOLAR _Act","WR_WR_SOLAR _CUF","WR_WR_SOLAR _AVC","WR_WR_WIND _R0","WR_WR_WIND _16","WR_WR_WIND _Act","WR_WR_WIND _CUF","WR_WR_WIND _AVC",WR-ISTS_WR-ISTS_COMBINED_R0,WR-ISTS_WR-ISTS_COMBINED_16,WR-ISTS_WR-ISTS_COMBINED_Act,WR-ISTS_WR-ISTS_COMBINED_CUF,WR-ISTS_WR-ISTS_COMBINED_AVC,"WR-ISTS_WR-ISTS_SOLAR _R0","WR-ISTS_WR-ISTS_SOLAR _16","WR-ISTS_WR-ISTS_SOLAR _Act","WR-ISTS_WR-ISTS_SOLAR _CUF","WR-ISTS_WR-ISTS_SOLAR _AVC","WR-ISTS_WR-ISTS_WIND _R0","WR-ISTS_WR-ISTS_WIND _16","WR-ISTS_WR-ISTS_WIND _Act","WR-ISTS_WR-ISTS_WIND _CUF","WR-ISTS_WR-ISTS_WIND _AVC","Madhya Pradesh_Madhya Pradesh_SOLAR _R0","Madhya Pradesh_Madhya Pradesh_SOLAR _16","Madhya Pradesh_Madhya Pradesh_SOLAR _Act","Madhya Pradesh_Madhya Pradesh_SOLAR _CUF","Madhya Pradesh_Madhya Pradesh_SOLAR _AVC","Madhya Pradesh_Madhya Pradesh_WIND _R0","Madhya Pradesh_Madhya Pradesh_WIND _16","Madhya Pradesh_Madhya Pradesh_WIND _Act","Madhya Pradesh_Madhya Pradesh_WIND _CUF","Madhya Pradesh_Madhya Pradesh_WIND _AVC","Maharastra_Maharastra_SOLAR _R0","Maharastra_Maharastra_SOLAR _16","Maharastra_Maharastra_SOLAR _Act","Maharastra_Maharastra_SOLAR _CUF","Maharastra_Maharastra_SOLAR _AVC","Maharastra_Maharastra_WIND _R0","Maharastra_Maharastra_WIND _16","Maharastra_Maharastra_WIND _Act","Maharastra_Maharastra_WIND _CUF","Maharastra_Maharastra_WIND _AVC","Gujarat_Gujarat_SOLAR _R0","Gujarat_Gujarat_SOLAR _16","Gujarat_Gujarat_SOLAR _Act","Gujarat_Gujarat_SOLAR _CUF","Gujarat_Gujarat_SOLAR _AVC","Gujarat_Gujarat_WIND _R0","Gujarat_Gujarat_WIND _16","Gujarat_Gujarat_WIND _Act","Gujarat_Gujarat_WIND _CUF","Gujarat_Gujarat_WIND _AVC",OKWPL_RE-WIND_WIND_R0,OKWPL_RE-WIND_WIND_16,OKWPL_RE-WIND_WIND_Act,OKWPL_RE-WIND_WIND_CUF,OKWPL_RE-WIND_WIND_AVC,Acme_RUMS-SOLAR_SOLAR_R0,Acme_RUMS-SOLAR_SOLAR_16,Acme_RUMS-SOLAR_SOLAR_Act,Acme_RUMS-SOLAR_SOLAR_CUF,Acme_RUMS-SOLAR_SOLAR_AVC,Arinsun_RUMS-SOLAR_SOLAR_R0,Arinsun_RUMS-SOLAR_SOLAR_16,Arinsun_RUMS-SOLAR_SOLAR_Act,Arinsun_RUMS-SOLAR_SOLAR_CUF,Arinsun_RUMS-SOLAR_SOLAR_AVC,Mahindra_RUMS-SOLAR_SOLAR_R0,Mahindra_RUMS-SOLAR_SOLAR_16,Mahindra_RUMS-SOLAR_SOLAR_Act,Mahindra_RUMS-SOLAR_SOLAR_CUF,Mahindra_RUMS-SOLAR_SOLAR_AVC,RPL_SECI-II_RE-WIND_WIND_R0,RPL_SECI-II_RE-WIND_WIND_16,RPL_SECI-II_RE-WIND_WIND_Act,RPL_SECI-II_RE-WIND_WIND_CUF,RPL_SECI-II_RE-WIND_WIND_AVC,GIWEL_SECI-II_RE-WIND_WIND_R0,GIWEL_SECI-II_RE-WIND_WIND_16,GIWEL_SECI-II_RE-WIND_WIND_Act,GIWEL_SECI-II_RE-WIND_WIND_CUF,GIWEL_SECI-II_RE-WIND_WIND_AVC,IWISL-WIND_WIND_R0,IWISL-WIND_WIND_16,IWISL-WIND_WIND_Act,IWISL-WIND_WIND_CUF,IWISL-WIND_WIND_AVC,GIWEL_SECI-III_RE-WIND_WIND_R0,GIWEL_SECI-III_RE-WIND_WIND_16,GIWEL_SECI-III_RE-WIND_WIND_Act,GIWEL_SECI-III_RE-WIND_WIND_CUF,GIWEL_SECI-III_RE-WIND_WIND_AVC,AGEMPL-WIND_WIND_R0,AGEMPL-WIND_WIND_16,AGEMPL-WIND_WIND_Act,AGEMPL-WIND_WIND_CUF,AGEMPL-WIND_WIND_AVC
00:00,2557,2413,1916,9.23,20755,0,0,15,0.26,5829,2557,2413,1901,12.74,14926,324,423,326,16.31,1999,0,0,0,0,750,324,423,326,26.1,1249,0,0,1,0.07,1445,550,318,342,14.18,2412,0,0,13,0.94,1386,641,641,496,9.92,5000,0,0,1,0.04,2248,1042,1031,737,11.76,6265,53.52,63.29,65.26,27.42,238,0,0,0,0,250,0,0,0,0,250,0,0,0,0,250,71.86,81.84,58.47,31.69,184.5,55.56,70.01,51.32,20.53,250,35.68,47.33,32.26,21.51,150,62.71,89.21,62.09,23.47,264.6,45.04,71.62,56.32,34.72,162.2
00:15,2604,2401,1968,9.48,20759,0,0,14,0.24,5829,2604,2401,1954,13.09,14930,325,408,347,17.32,2004,0,0,0,0,750,325,408,347,27.67,1254,0,0,1,0.07,1445,596,326,373,15.46,2412,0,0,12,0.87,1386,642,642,499,9.98,5000,0,0,1,0.04,2248,1041,1025,735,11.73,6265,53.62,62.92,66.41,27.9,238,0,0,0,0,250,0,0,0,0,250,0,0,0,0,250,71.37,74.14,65.34,35.41,184.5,56.97,71.9,55.28,22.11,250,35.58,46.3,33.43,22.29,150,63.33,81.91,67.08,25.35,264.6,44.28,70.68,59.65,35.85,166.4
00:30,2621,2415,2011,9.69,20759,0,0,14,0.24,5829,2621,2415,1997,13.38,14930,323,414,344,17.17,2004,0,0,0,0,750,323,414,344,27.43,1254,0,0,1,0.07,1445,620,343,392,16.25,2412,0,0,12,0.87,1386,641,641,501,10.02,5000,0,0,1,0.04,2248,1038,1017,760,12.13,6265,52.77,62.25,64.29,27.01,238,0,0,0,0,250,0,0,0,0,250,0,0,0,0,250,71.13,76.94,53.4,28.94,184.5,56.27,67.95,56.55,22.62,250,35.24,45.61,35.54,23.69,150,63.32,86.18,70.21,26.53,264.6,43.95,74.87,63.62,38.23,166.4
00:45,2639,2476,2080,10.02,20759,0,0,14,0.24,5829,2639,2476,2067,13.84,14930,319,418,343,17.12,2004,0,0,0,0,750,319,418,343,27.35,1254,0,0,1,0.07,1445,640,387,394,16.33,2412,0,0,12,0.87,1386,650,650,529,10.58,5000,0,0,1,0.04,2248,1031,1022,800,12.77,6265,51.94,62.45,61.91,26.01,238,0,0,0,0,250,0,0,0,0,250,0,0,0,0,250,71.01,71.91,41.39,22.43,184.5,55.19,71.8,60.03,24.01,250,34.46,45.4,35.88,23.92,150,62.89,89.99,76.67,28.98,264.6,43.34,76.63,67.32,40.46,166.4
01:00,2646,2502,2171,10.46,20759,0,0,14,0.24,5829,2646,2502,2157,14.45,14930,311,422,351,17.51,2004,0,0,0,0,750,311,422,351,27.99,1254,0,0,1,0.07,1445,658,412,415,17.21,2412,0,0,12,0.87,1386,652,652,536,10.72,5000,0,0,1,0.04,2248,1024,1016,855,13.65,6265,50.57,61.16,59.54,25.02,238,0,0,0,0,250,0,0,0,0,250,0,0,0,0,250,70.01,71.92,42.52,23.05,184.5,53.65,79.04,63.56,25.42,250,33.48,43.97,37.69,25.13,150,61.83,90.72,80.82,30.54,264.6,41.89,74.78,66.39,39.9,166.4
01:15,2649,2522,2271,10.94,20759,0,0,14,0.24,5829,2649,2522,2258,15.12,14930,288,422,356,17.76,2004,0,0,0,0,750,288,422,356,28.39,1254,0,0,1,0.07,1445,691,435,476,19.73,2412,0,0,12,0.87,1386,656,656,538,10.76,5000,0,0,1,0.04,2248,1014,1009,888,14.17,6265,45.27,60.64,60.77,25.53,238,0,0,0,0,250,0,0,0,0,250,0,0,0,0,250,63.03,75.77,53.43,28.96,184.5,49.61,79.22,57.87,23.15,250,29.57,44.12,39.67,26.45,150,61.59,90.12,71.5,27.02,264.6,38.61,72.22,72.41,43.52,166.4
01:30,2645,2331,2283,11,20759,0,0,14,0.24,5829,2645,2331,2269,15.2,14930,280,330,342,17.07,2004,0,0,0,0,750,280,330,342,27.27,1254,0,0,1,0.07,1445,703,467,517,21.43,2412,0,0,12,0.87,1386,661,605,536,10.72,5000,0,0,1,0.04,2248,1002,929,874,13.95,6265,44.24,59.95,59.44,24.97,238,0,0,0,0,250,0,0,0,0,250,0,0,0,0,250,62.63,60.62,55.78,30.23,184.5,47.82,53.46,51.16,20.46,250,28.67,34.48,39.44,26.29,150,59.47,68.92,62.27,23.53,264.6,36.84,52.58,73.7,44.29,166.4
01:45,2650,2358,2217,10.68,20759,0,0,14,0.24,5829,2650,2358,2203,14.76,14930,274,327,343,17.12,2004,0,0,0,0,750,274,327,343,27.35,1254,0,0,1,0.07,1445,710,495,501,20.77,2412,0,0,12,0.87,1386,670,613,533,10.66,5000,0,0,1,0.04,2248,996,923,826,13.18,6265,43.72,59.59,61.17,25.7,238,0,0,0,0,250,0,0,0,0,250,0,0,0,0,250,62.8,61.55,59.76,32.39,184.5,46.78,52.29,51.78,20.71,250,27.54,33.86,38.21,25.47,150,57.91,67.98,61.34,23.18,264.6,35,51.57,70.92,42.62,166.4
02:00,2652,2366,2242,10.8,20759,0,0,14,0.24,5829,2652,2366,2228,14.92,14930,269,321,358,17.86,2004,0,0,0,0,750,269,321,358,28.55,1254,0,0,1,0.07,1445,716,499,505,20.94,2412,0,0,12,0.87,1386,678,625,546,10.92,5000,0,0,1,0.04,2248,990,921,819,13.07,6265,43.16,58.07,63.62,26.73,238,0,0,0,0,250,0,0,0,0,250,0,0,0,0,250,62.37,60.71,67.72,36.7,184.5,46.05,51.06,52.52,21.01,250,26.73,33.21,36.19,24.13,150,56.95,67.31,67.39,25.47,264.6,33.61,50.35,70.36,42.28,166.4
02:15,2648,2374,2285,11.01,20759,0,0,14,0.24,5829,2648,2374,2271,15.21,14930,263,314,357,17.81,2004,0,0,0,0,750,263,314,357,28.47,1254,0,0,1,0.07,1445,719,500,543,22.51,2412,0,0,12,0.87,1386,683,640,547,10.94,5000,0,0,1,0.04,2248,983,920,824,13.15,6265,42.49,57.81,59.27,24.9,238,0,0,0,0,250,0,0,0,0,250,0,0,0,0,250,61.84,58.36,62.4,33.82,184.5,44.74,51.82,53.93,21.57,250,25.92,31.76,38.09,25.39,150,55.81,65.42,72.02,27.22,264.6,32.47,49.07,71.63,43.05,166.4
02:30,2642,2373,2310,11.13,20759,0,0,14,0.24,5829,2642,2373,2296,15.38,14930,260,308,339,16.92,2004,0,0,0,0,750,260,308,339,27.03,1254,0,0,1,0.07,1445,720,503,603,25,2412,0,0,12,0.87,1386,688,647,543,10.86,5000,0,0,1,0.04,2248,975,915,812,12.96,6265,42.11,56.57,51.83,21.78,238,0,0,0,0,250,0,0,0,0,250,0,0,0,0,250,61.95,57.5,51.93,28.15,184.5,43.57,50.67,59.76,23.9,250,25.61,31.27,36.68,24.45,150,55.24,64.57,73.58,27.81,264.6,31.75,47.9,64.8,38.94,166.4
02:45,2616,2358,2280,10.98,20759,0,0,14,0.24,5829,2616,2358,2267,15.18,14930,258,300,312,15.57,2004,0,0,0,0,750,258,300,312,24.88,1254,0,0,1,0.07,1445,714,504,621,25.75,2412,0,0,12,0.87,1386,688,648,553,11.06,5000,0,0,1,0.04,2248,956,905,780,12.45,6265,41.57,54.94,44.81,18.83,238,0,0,0,0,250,0,0,0,0,250,0,0,0,0,250,61.75,56.83,40.32,21.85,184.5,43.1,49.11,57.7,23.08,250,25.07,29.68,35.52,23.68,150,55.04,63.24,68.64,25.94,264.6,31.14,46.63,65.13,39.14,166.4
03:00,2586,2383,2200,10.6,20759,0,0,14,0.24,5829,2586,2383,2186,14.64,14930,255,328,293,14.62,2004,0,0,0,0,750,255,328,293,23.37,1254,0,0,1,0.07,1445,705,547,603,25,2412,0,0,12,0.87,1386,687,650,537,10.74,5000,0,0,1,0.04,2248,940,859,753,12.02,6265,40.78,57.18,38.75,16.28,238,0,0,0,0,250,0,0,0,0,250,0,0,0,0,250,61.41,54.76,34.18,18.53,184.5,42.76,54.57,51.95,20.78,250,24.39,37.09,35.73,23.82,150,54.89,62.92,60.34,22.8,264.6,30.43,61.74,72.5,43.57,166.4
03:15,2547,2378,2196,10.58,20759,0,0,14,0.24,5829,2547,2378,2182,14.61,14930,250,324,284,14.17,2004,0,0,0,0,750,250,324,284,22.65,1254,0,0,1,0.07,1445,692,547,584,24.21,2412,0,0,12,0.87,1386,684,654,536,10.72,5000,0,0,1,0.04,2248,921,853,779,12.43,6265,39.74,56.66,37.93,15.94,238,0,0,0,0,250,0,0,0,0,250,0,0,0,0,250,60.9,54.03,30.67,16.62,184.5,41.9,54.2,50.5,20.2,250,23.54,36.52,34.85,23.23,150,54.04,62.23,61.2,23.13,264.6,29.5,60.77,68.83,41.36,166.4
03:30,2507,2370,2197,10.58,20759,0,0,14,0.24,5829,2507,2370,2184,14.63,14930,244,319,282,14.07,2004,0,0,0,0,750,244,319,282,22.49,1254,0,0,1,0.07,1445,680,550,582,24.13,2412,0,0,12,0.87,1386,680,654,555,11.1,5000,0,0,1,0.04,2248,904,847,764,12.19,6265,38.47,55.63,37.49,15.75,238,0,0,0,0,250,0,0,0,0,250,0,0,0,0,250,60.49,54.18,33.37,18.09,184.5,40.65,52.93,50.51,20.2,250,22.77,35.73,33.14,22.09,150,52.77,61.06,63.47,23.99,264.6,28.6,59.3,64.16,38.56,166.4
03:45,2462,2352,2157,10.39,20759,0,0,14,0.24,5829,2462,2352,2143,14.35,14930,236,311,278,13.87,2004,0,0,0,0,750,236,311,278,22.17,1254,0,0,1,0.07,1445,670,554,588,24.38,2412,0,0,12,0.87,1386,678,654,546,10.92,5000,0,0,1,0.04,2248,878,833,732,11.68,6265,37.04,54.56,38.67,16.25,238,0,0,0,0,250,0,0,0,0,250,0,0,0,0,250,58.77,53.68,41.25,22.36,184.5,39.29,51.32,49.41,19.76,250,21.8,34.61,31,20.67,150,51.23,59.18,63.62,24.04,264.6,27.74,57.39,53.95,32.42,166.4
04:00,2386,2330,2175,10.48,20759,0,0,19,0.33,5829,2386,2330,2156,14.44,14930,192,297,280,13.97,2004,0,0,0,0,750,192,297,280,22.33,1254,0,0,6,0.42,1445,663,563,612,25.37,2412,0,0,12,0.87,1386,676,653,554,11.08,5000,0,0,1,0.04,2248,855,818,709,11.32,6265,32.94,51.99,40.38,16.97,238,0,0,0,0,250,0,0,0,0,250,0,0,0,0,250,42.36,51.26,47.08,25.52,184.5,36.82,48.44,51.54,20.62,250,15.37,32.96,29.72,19.81,150,46.92,59.07,64.04,24.2,264.6,17.86,52.81,47.54,28.57,166.4
04:15,2385,2313,2207,10.63,20759,0,0,23,0.39,5829,2385,2313,2184,14.63,14930,187,290,286,14.27,2004,0,0,0,0,750,187,290,286,22.81,1254,0,0,10,0.69,1445,686,564,635,26.33,2412,0,0,12,0.87,1386,727,653,566,11.32,5000,0,0,1,0.04,2248,785,806,696,11.11,6265,32.06,50.78,43.11,18.11,238,0,0,0,0,250,0,0,0,0,250,0,0,0,0,250,40.88,50.75,47.32,25.65,184.5,35.75,47.25,54.18,21.67,250,15.07,31.95,30.32,20.21,150,45.47,57.88,63.56,24.02,264.6,17.78,51.15,47.59,28.6,166.4
04:30,2345,2295,2155,10.38,20759,0,0,23,0.39,5829,2345,2295,2132,14.28,14930,182,287,266,13.27,2004,0,0,0,0,750,182,287,266,21.21,1254,0,0,10,0.69,1445,678,608,616,25.54,2412,0,0,12,0.87,1386,727,611,572,11.44,5000,0,0,1,0.04,2248,758,789,677,10.81,6265,31.32,43.38,43.01,18.07,238,0,0,0,0,250,0,0,0,0,250,0,0,0,0,250,39.52,38.4,44.47,24.1,184.5,34.85,51.21,50.43,20.17,250,14.7,33.46,28.42,18.95,150,44.33,61.17,55.47,20.96,264.6,17.57,59.32,44.64,26.83,166.4
04:45,2296,2279,2114,10.18,20759,0,0,23,0.39,5829,2296,2279,2091,14.01,14930,176,281,232,11.58,2004,0,0,0,0,750,176,281,232,18.5,1254,0,0,10,0.69,1445,668,607,606,25.12,2412,0,0,12,0.87,1386,723,611,591,11.82,5000,0,0,1,0.04,2248,729,780,662,10.57,6265,30.45,42.32,36.99,15.54,238,0,0,0,0,250,0,0,0,0,250,0,0,0,0,250,37.87,37.16,37.66,20.41,184.5,33.4,50.31,47.81,19.12,250,14.14,33.05,21.86,14.57,150,43.37,60.17,49.65,18.76,264.6,17.1,58.14,37.6,22.6,166.4
05:00,2248,2256,2111,10.17,20759,0,0,23,0.39,5829,2248,2256,2088,13.99,14930,169,273,206,10.28,2004,0,0,0,0,750,169,273,206,16.43,1254,0,0,10,0.69,1445,659,601,607,25.17,2412,0,0,12,0.87,1386,715,613,614,12.28,5000,0,0,1,0.04,2248,705,769,662,10.57,6265,29.58,41.05,32.56,13.68,238,0,0,0,0,250,0,0,0,0,250,0,0,0,0,250,35.93,35.84,32.18,17.44,184.5,31.26,49.33,45.05,18.02,250,13.6,31.76,20.11,13.41,150,42.13,58.75,42.33,16,264.6,16.79,56.57,33.79,20.31,166.4
05:15,2197,2223,2077,10.01,20759,0,0,23,0.39,5829,2197,2223,2054,13.76,14930,164,259,194,9.68,2004,0,0,0,0,750,164,259,194,15.47,1254,0,0,10,0.69,1445,649,590,606,25.12,2412,0,0,12,0.87,1386,708,619,616,12.32,5000,0,0,1,0.04,2248,675,755,638,10.18,6265,29.1,39.64,31.41,13.2,238,0.01,0.01,0,0,250,0.01,0.01,0,0,250,0.01,0.01,0,0,250,34.41,34.09,24.83,13.46,184.5,29.2,45.57,41.52,16.61,250,13.22,30.73,21.69,14.46,150,41.32,55.95,40.17,15.18,264.6,16.64,53.4,34.79,20.91,166.4
05:30,2140,2193,2032,9.79,20759,0,0,23,0.39,5829,2140,2193,2009,13.46,14930,158,252,185,9.23,2004,0,0,0,0,750,158,252,185,14.75,1254,0,0,10,0.69,1445,638,580,589,24.42,2412,0,0,12,0.87,1386,702,619,623,12.46,5000,0,0,1,0.04,2248,643,741,611,9.75,6265,28.13,38.3,32.65,13.72,238,0.02,0.02,0,0,250,0.02,0.02,0,0,250,0.02,0.02,0,0,250,32.76,33.17,23.63,12.81,184.5,27.5,44.61,40.45,16.18,250,12.79,29.94,17.48,11.65,150,40.24,54.72,39.37,14.88,264.6,16.55,51.5,31.48,18.92,166.4
05:45,2093,2175,1929,9.29,20759,3,3,20,0.34,5829,2090,2172,1909,12.79,14930,154,251,156,7.78,2004,3,3,0,0,750,152,248,156,12.44,1254,0,0,7,0.48,1445,621,569,539,22.35,2412,0,0,12,0.87,1386,700,623,631,12.62,5000,0,0,1,0.04,2248,618,732,583,9.31,6265,27.57,38.02,29.28,12.3,238,0.9,1.02,0,0,250,0.95,1.06,0,0,250,0.81,0.94,0,0,250,30.64,33.08,22.35,12.11,184.5,25.08,43.34,34.7,13.88,250,12.53,29.56,12.36,8.24,150,39.22,53.57,33.93,12.82,264.6,16.5,50.88,23.62,14.19,166.4
06:00,2066,2121,1867,8.99,20759,25,25,16,0.27,5829,2041,2096,1852,12.4,14930,166,254,148,7.39,2004,20,21,0,0,750,146,233,148,11.8,1254,4,3,2,0.14,1445,607,571,506,20.98,2412,0,0,12,0.87,1386,699,626,643,12.86,5000,0,0,1,0.04,2248,590,666,554,8.84,6265,26.92,36.89,28.32,11.9,238,6.35,6.6,0,0,250,7.12,6.97,0,0,250,6.58,7.1,0,0,250,28.37,38.93,21.49,11.65,184.5,23.55,46.76,34.6,13.84,250,12.39,24.37,10.33,6.89,150,38.34,49.61,33.96,12.83,264.6,16.45,36.67,19.79,11.89,166.4
06:15,2069,2162,1815,8.74,20759,74,75,32,0.55,5829,1995,2087,1783,11.94,14930,182,277,140,6.99,2004,42,46,0,0,750,140,230,140,11.16,1254,22,19,15,1.04,1445,594,551,498,20.65,2412,7,6,15,1.08,1386,700,649,628,12.56,5000,4,4,2,0.09,2248,560,656,516,8.24,6265,26.18,36.48,26.71,11.22,238,13.47,14.51,0,0,250,13.3,15.24,0,0,250,14.86,16.72,0,0,250,25.92,38.52,19.23,10.42,184.5,22.24,46.7,33.63,13.45,250,12.16,24.23,8.88,5.92,150,37.29,48.68,33.58,12.69,264.6,16.39,35.81,17.96,10.79,166.4
06:30,2131,2221,1764,8.5,20759,160,165,81,1.39,5829,1971,2056,1683,11.27,14930,194,293,135,6.74,2004,60,66,0,0,750,134,227,135,10.77,1254,55,55,37,2.56,1445,588,531,465,19.28,2412,23,22,24,1.73,1386,706,653,600,12,5000,23,22,21,0.93,2248,542,645,483,7.71,6265,25.21,36.16,29.25,12.29,238,20.25,21.48,0,0,250,19.18,22.51,0,0,250,20.33,22.47,0,0,250,23.49,37.54,17.21,9.33,184.5,21.33,45.88,32.12,12.85,250,11.8,24,8.46,5.64,150,36.19,47.43,30.27,11.44,264.6,16.15,35.68,17.35,10.43,166.4
06:45,2229,2325,1768,8.52,20759,296,303,135,2.32,5829,1933,2022,1633,10.94,14930,207,308,124,6.19,2004,79,87,0,0,750,128,220,124,9.89,1254,95,96,66,4.57,1445,569,509,418,17.33,2412,56,55,34,2.45,1386,725,657,613,12.26,5000,66,66,36,1.6,2248,512,635,478,7.63,6265,24.26,35.58,27.71,11.64,238,25.03,28.76,0,0,250,28.28,30.02,0,0,250,25.31,28.51,0,0,250,21,35.85,15.81,8.57,184.5,20.64,44.84,28.17,11.27,250,11.52,23.77,8.52,5.68,150,35.01,45.8,28.37,10.72,264.6,15.98,34.49,15.71,9.44,166.4
07:00,2364,2441,1759,8.47,20759,462,469,221,3.79,5829,1902,1973,1538,10.3,14930,224,323,118,5.89,2004,102,114,0,0,750,121,209,118,9.41,1254,141,141,99,6.85,1445,566,482,370,15.34,2412,94,91,46,3.32,1386,727,660,614,12.28,5000,124,123,76,3.38,2248,488,621,436,6.96,6265,23.44,34.43,23.94,10.06,238,32.44,36.17,0,0,250,34.63,37.71,0,0,250,35.43,39.83,0,0,250,18.25,32.7,17.52,9.5,184.5,20.24,42.08,25.33,10.13,250,10.78,22.57,8.97,5.98,150,33.71,43.81,25.14,9.5,264.6,15.02,33.38,16.73,10.05,166.4
07:15,2516,2594,1727,8.32,20759,638,646,315,5.4,5829,1877,1947,1412,9.46,14930,241,343,102,5.09,2004,125,140,0,0,750,116,203,102,8.13,1254,190,189,142,9.83,1445,572,470,347,14.39,2412,135,131,59,4.26,1386,724,663,585,11.7,5000,189,187,114,5.07,2248,466,611,378,6.03,6265,22.66,33.45,23.48,9.87,238,40,43.31,0,0,250,39.5,45.15,0,0,250,45.48,51.11,0,0,250,16.73,30.77,13.6,7.37,184.5,19.99,40.95,21.05,8.42,250,10.11,22.44,8.41,5.61,150,32.95,42.64,19.26,7.28,264.6,13.86,33.04,16.22,9.75,166.4
07:30,2699,2689,1763,8.49,20759,826,830,431,7.39,5829,1873,1859,1332,8.92,14930,266,322,85,4.24,2004,149,163,0,0,750,117,159,85,6.78,1254,242,241,191,13.22,1445,577,450,379,15.71,2412,178,171,70,5.05,1386,721,675,568,11.36,5000,257,255,170,7.56,2248,457,575,300,4.79,6265,22.42,29.58,21.43,9,238,47.67,49.55,0,0,250,46.38,51.71,0,0,250,54.93,61.61,0,0,250,16.51,22.71,10.41,5.64,184.5,19.67,34.25,15.9,6.36,250,11.02,13.29,8.5,5.67,150,32.46,37.34,13.07,4.94,264.6,15.07,21.96,15.8,9.5,166.4
07:45,2934,2882,1794,8.64,20759,1018,1018,570,9.78,5829,1916,1864,1224,8.2,14930,293,345,68,3.39,2004,173,185,0,0,750,120,159,68,5.42,1254,296,295,236,16.33,1445,577,443,397,16.46,2412,222,212,88,6.35,1386,741,684,554,11.08,5000,326,325,245,10.9,2248,478,577,205,3.27,6265,22.35,29.87,16.69,7.01,238,55.22,55.61,0.1,0.04,250,53.27,57.84,0.17,0.07,250,64.6,71.7,0.19,0.08,250,17.44,22.36,7.8,4.23,184.5,19.67,34.45,13.19,5.28,250,12.21,13.29,5.81,3.87,150,31.72,37.54,12.46,4.71,264.6,16.79,21.96,11.94,7.18,166.4
08:00,3167,3077,1817,8.75,20759,1212,1208,669,11.48,5829,1955,1869,1148,7.69,14930,322,366,57,2.84,2004,195,207,2,0.27,750,126,159,56,4.47,1254,349,349,298,20.62,1445,570,429,394,16.33,2412,268,254,111,8.01,1386,763,700,540,10.8,5000,400,398,258,11.48,2248,495,581,159,2.54,6265,23.16,29.46,14.58,6.13,238,63.13,62.44,0.22,0.09,250,60.2,64.9,0.72,0.29,250,71.96,79.53,0.82,0.33,250,18.26,22.28,2.94,1.59,184.5,21.49,34.07,13.19,5.28,250,12.98,13.29,4.88,3.25,150,32.17,37.46,10.59,4,264.6,18.31,22.26,9.47,5.69,166.4
08:15,3401,3290,1895,9.13,20759,1415,1407,780,13.38,5829,1986,1883,1115,7.47,14930,355,391,59,2.94,2004,224,234,6,0.8,750,131,157,53,4.23,1254,398,399,354,24.5,1445,561,421,397,16.46,2412,311,295,139,10.03,1386,781,716,526,10.52,5000,481,479,281,12.5,2248,513,589,139,2.22,6265,23.98,29.07,11.66,4.9,238,73.09,71.75,1.83,0.73,250,71.03,74.6,2.04,0.82,250,80.24,87.25,2.17,0.87,250,18.92,22.21,0.99,0.54,184.5,23.17,33.71,12.31,4.92,250,13.54,13.56,7.06,4.71,150,32.41,37.21,11.49,4.34,264.6,18.88,21.4,9.27,5.57,166.4
08:30,3619,3493,2004,9.65,20759,1622,1605,894,15.34,5829,1998,1887,1110,7.43,14930,394,422,76,3.79,2004,259,263,15,2,750,135,158,60,4.78,1254,452,452,389,26.92,1445,550,412,404,16.75,2412,354,334,159,11.47,1386,791,724,508,10.16,5000,558,556,332,14.77,2248,521,592,137,2.19,6265,25.14,29.4,10.4,4.37,238,83.84,82.02,4.35,1.74,250,85.38,85.47,5.5,2.2,250,89.38,96,5.46,2.18,250,19.76,22.33,1.68,0.91,184.5,25.05,33.89,12.47,4.99,250,13.86,13.55,8.32,5.55,150,32.8,37.18,17.58,6.64,264.6,18.82,22.07,9.93,5.97,166.4
08:45,3797,3675,2188,10.54,20759,1830,1803,1105,18.96,5829,1967,1871,1083,7.25,14930,428,451,94,4.69,2004,292,293,32,4.27,750,136,157,62,4.94,1254,505,504,485,33.56,1445,531,398,396,16.42,2412,397,373,175,12.63,1386,783,725,491,9.82,5000,636,633,413,18.37,2248,518,591,134,2.14,6265,25.34,29.33,10.28,4.32,238,93.7,92.27,8.24,3.3,250,99.6,96.38,11.43,4.57,250,98.38,104.77,12.05,4.82,250,19.51,22.47,3.34,1.81,184.5,26.41,32.75,13.05,5.22,250,13.27,14.13,7.58,5.05,150,33.18,36.71,16.28,6.15,264.6,18.31,21.94,11.25,6.76,166.4
09:00,3961,3319,2369,11.41,20759,2025,1781,1318,22.61,5829,1936,1538,1052,7.05,14930,457,300,116,5.79,2004,321,193,61,8.13,750,136,108,54,4.31,1254,555,528,538,37.23,1445,509,375,377,15.63,2412,438,410,233,16.81,1386,771,728,483,9.66,5000,710,651,486,21.62,2248,520,327,138,2.2,6265,25.47,23.66,9.74,4.09,238,101.7,59.44,15.65,6.26,250,108.46,69.5,22.28,8.91,250,110.46,63.74,23.46,9.38,250,19.48,14.42,2.75,1.49,184.5,27.56,22.57,10.19,4.08,250,12.55,10.18,7.29,4.86,150,33.68,21.16,12.88,4.87,264.6,17.63,15.63,11.55,6.94,166.4
09:15,4105,3482,2417,11.64,20759,2199,1964,1444,24.77,5829,1906,1518,973,6.52,14930,490,329,131,6.54,2004,352,224,83,11.07,750,138,106,47,3.75,1254,601,577,560,38.75,1445,488,357,342,14.18,2412,477,447,254,18.33,1386,763,729,441,8.82,5000,769,716,547,24.33,2248,517,326,142,2.27,6265,25.59,23.3,7.99,3.36,238,114.89,66.86,21.17,8.47,250,114.62,79.85,27.85,11.14,250,122.47,76.93,34.39,13.76,250,19.32,14.85,1.9,1.03,184.5,28.68,21.5,8.34,3.34,250,12.13,10.05,7.4,4.93,150,34.61,20.65,9.86,3.73,264.6,17.26,15.29,11.64,7,166.4
09:30,4260,3649,2576,12.41,20759,2379,2152,1685,28.91,5829,1881,1498,891,5.97,14930,523,363,193,9.63,2004,384,258,154,20.53,750,139,105,39,3.11,1254,638,619,602,41.66,1445,469,337,299,12.4,2412,518,493,269,19.41,1386,758,729,422,8.44,5000,839,783,660,29.36,2248,515,326,131,2.09,6265,25.67,22.37,6.69,2.81,238,126.27,76.7,43.89,17.56,250,121.39,92.63,57.67,23.07,250,136.29,88.32,52.65,21.06,250,18.95,15.24,2.66,1.44,184.5,29.62,20.63,5.82,2.33,250,11.83,10.05,5.24,3.49,150,35.7,20.42,9.75,3.68,264.6,16.79,16.14,8.96,5.38,166.4
09:45,4414,3843,2717,13.09,20759,2561,2337,1902,32.63,5829,1853,1506,814,5.45,14930,558,397,250,12.48,2004,418,292,216,28.8,750,140,105,34,2.71,1254,676,661,613,42.42,1445,455,325,265,10.99,2412,560,537,284,20.49,1386,748,748,401,8.02,5000,907,848,789,35.1,2248,511,328,114,1.82,6265,25.89,22.38,5.27,2.21,238,137.2,86.82,64.01,25.6,250,132.37,105.55,73.03,29.21,250,148.11,99.34,78.93,31.57,250,18.83,14.95,2.84,1.54,184.5,30.46,21.27,4.96,1.98,250,11.54,10.35,4.89,3.26,150,36.91,20.25,9.99,3.78,264.6,16.3,16.06,6.02,3.62,166.4
10:00,4546,3996,2715,13.1,20727,2718,2506,1991,34.33,5799,1828,1491,723,4.84,14928,590,436,267,13.54,1972,447,332,246,34.17,720,143,104,22,1.76,1252,712,697,670,46.37,1445,445,315,236,9.78,2412,593,568,277,19.99,1386,739,748,364,7.28,5000,966,908,799,35.54,2248,501,324,102,1.63,6265,26.2,21.86,2.86,1.21,236,147.75,99.65,79.49,36.13,220,143.96,119.14,81.03,32.41,250,155.07,113.19,85.01,34,250,18.81,15.1,2.81,1.52,184.5,31.5,20.94,1.91,0.76,250,11.51,10.48,1.72,1.15,150,38.56,20.53,8.1,3.06,264.6,16.24,14.66,4.36,2.62,166.4
10:15,4673,4109,2888,13.93,20727,2860,2620,2200,37.94,5799,1813,1489,688,4.61,14928,598,447,393,19.93,1972,453,338,375,52.08,720,146,109,18,1.44,1252,750,728,712,49.27,1445,436,300,206,8.54,2412,623,599,269,19.41,1386,733,749,366,7.32,5000,1033,955,843,37.5,2248,500,332,99,1.58,6265,26.57,22.33,2.2,0.93,236,147.45,99.97,118.71,53.96,220,143.64,119.71,124.75,49.9,250,161.55,118.35,131.63,52.65,250,18.53,15.86,1.77,0.96,184.5,32.56,22.16,0.03,0.01,250,11.64,11.18,0.09,0.06,150,39.86,21.99,9.41,3.56,264.6,16.36,15.07,4.24,2.55,166.4
10:30,4791,4056,3161,15.25,20727,2994,2823,2505,43.2,5799,1797,1233,656,4.39,14928,610,550,560,28.4,1972,462,460,548,76.11,720,148,90,12,0.96,1252,789,780,763,52.8,1445,426,324,182,7.55,2412,654,570,287,20.71,1386,725,575,372,7.44,5000,1089,1013,908,40.39,2248,497,244,91,1.45,6265,26.91,17.15,0.98,0.42,236,147.61,145.57,172.26,78.3,220,145.36,153.62,180.72,72.29,250,168.64,160.78,195.17,78.07,250,18.68,11.49,0.24,0.13,184.5,33.72,16.71,0,0,250,11.81,10.68,0.33,0.22,150,41,18.25,6.41,2.42,264.6,16.36,15.9,3.92,2.36,166.4
10:45,4903,4160,3207,15.47,20727,3113,2931,2592,44.7,5799,1790,1229,615,4.12,14928,621,552,544,27.59,1972,469,460,533,74.03,720,152,92,11,0.88,1252,822,807,853,59.03,1445,418,315,152,6.3,2412,681,594,296,21.36,1386,723,574,365,7.3,5000,1141,1070,911,40.52,2248,496,248,87,1.39,6265,27.48,17.65,0.36,0.15,236,147.49,143.81,167.3,76.05,220,145.89,151.07,169.68,67.87,250,175.29,165.1,195.73,78.29,250,19.19,12.17,1.41,0.76,184.5,34.86,16.84,0,0,250,12.09,10.65,2.63,1.75,150,41.93,19.08,3.21,1.21,264.6,16.73,15.36,3.72,2.24,166.4
11:00,5008,4245,3154,15.22,20727,3217,3017,2576,44.42,5799,1792,1228,578,3.87,14928,627,550,390,19.78,1972,471,455,384,53.33,720,156,95,6,0.48,1252,853,828,857,59.31,1445,412,302,123,5.1,2412,703,614,331,23.88,1386,723,577,357,7.14,5000,1190,1121,1004,44.66,2248,500,253,91,1.45,6265,28.1,18.15,0.12,0.05,236,145.3,139.59,123.56,56.16,220,144.5,147.78,124.94,49.98,250,181.38,167.17,135.47,54.19,250,19.73,13.04,1.06,0.57,184.5,36.07,17.54,0,0,250,12.25,10.6,1.02,0.68,150,42.91,19.99,1.1,0.42,264.6,16.97,15.94,2.97,1.78,166.4
11:15,5105,4311,3060,14.76,20727,3314,3083,2492,42.97,5799,1791,1228,568,3.8,14928,658,549,267,13.54,1972,497,453,259,35.97,720,161,97,8,0.64,1252,869,845,882,61.04,1445,405,289,105,4.35,2412,723,626,344,24.82,1386,720,584,369,7.38,5000,1225,1160,1007,44.8,2248,506,258,86,1.37,6265,29,18.38,0,0,236,154.8,141.42,90.59,41.18,220,155.49,149.89,75.11,30.04,250,187.04,161.36,93.25,37.3,250,20.85,12.72,0,0,184.5,37.15,18.15,0,0,250,12.46,11.46,2.28,1.52,150,43.87,20.14,1.03,0.39,264.6,17.22,15.69,4.25,2.55,166.4
11:30,5181,4385,3096,14.94,20727,3370,3140,2540,43.8,5799,1810,1244,557,3.73,14928,689,550,257,13.03,1972,522,450,246,34.17,720,167,100,11,0.88,1252,871,849,886,61.31,1445,399,279,89,3.69,2412,732,644,339,24.46,1386,725,594,379,7.58,5000,1245,1198,1068,47.51,2248,518,271,77,1.23,6265,30.19,19.06,0,0,236,164.27,142.76,95.01,43.19,220,165.98,151.66,78.37,31.35,250,191.92,155.45,72.63,29.05,250,22.81,14.84,0,0,184.5,38.73,18.46,0,0,250,12.78,11.28,5.06,3.37,150,45.2,20.74,0.95,0.36,264.6,17.56,15.8,5.07,3.05,166.4
11:45,5245,4460,2991,14.43,20727,3424,3190,2476,42.7,5799,1821,1269,515,3.45,14928,722,559,242,12.27,1972,547,453,232,32.22,720,175,106,10,0.8,1252,870,847,850,58.82,1445,394,264,69,2.86,2412,743,660,385,27.78,1386,732,611,376,7.52,5000,1264,1230,1009,44.88,2248,521,289,60,0.96,6265,31.37,20.24,0,0,236,173.54,146.06,78.47,35.67,220,177.18,153.63,76.73,30.69,250,196.64,153.23,76.58,30.63,250,24.42,13.81,0,0,184.5,40.66,20.65,0,0,250,13.5,12.26,4.68,3.12,150,46.74,22.33,0.67,0.25,264.6,18.2,16.71,4.93,2.96,166.4
12:00,5317,4360,2770,13.36,20727,3476,3285,2341,40.37,5799,1840,1075,429,2.87,14928,750,537,195,9.89,1972,567,472,192,26.67,720,183,65,3,0.24,1252,870,904,850,58.82,1445,386,183,52,2.16,2412,758,664,390,28.14,1386,738,621,329,6.58,5000,1281,1245,909,40.44,2248,533,207,44,0.7,6265,32.6,11.75,0,0,236,182.41,155.38,44.68,20.31,220,186.77,163.57,77.8,31.12,250,198.12,153.31,69.41,27.76,250,25.36,8.1,0,0,184.5,42.43,11.51,0,0,250,14.55,8.47,0.16,0.11,150,48.45,15.98,0.55,0.21,264.6,19.37,9.32,2.6,1.56,166.4
12:15,5350,4398,2702,13.04,20727,3489,3308,2277,39.27,5799,1860,1091,425,2.85,14928,745,543,159,8.06,1972,554,475,155,21.53,720,191,68,4,0.32,1252,872,903,850,58.82,1445,377,177,44,1.82,2412,771,670,410,29.58,1386,753,633,330,6.6,5000,1293,1259,862,38.35,2248,539,213,46,0.73,6265,33.93,12.1,0,0,236,175.75,153.49,44.23,20.1,220,179.08,160.19,61.67,24.67,250,199.06,161.67,49.46,19.78,250,26.27,8.5,0,0,184.5,43.91,11.54,0,0,250,15.85,8.8,0,0,150,50.27,16.8,0.33,0.12,264.6,20.78,9.77,3.44,2.07,166.4
12:30,5357,4427,2900,13.99,20727,3459,3302,2474,42.66,5799,1898,1125,426,2.85,14928,737,553,147,7.45,1972,536,478,143,19.86,720,201,75,4,0.32,1252,868,894,977,67.61,1445,364,170,43,1.78,2412,760,667,431,31.1,1386,775,650,321,6.42,5000,1295,1263,924,41.1,2248,559,229,57,0.91,6265,35.55,13.18,0,0,236,167.83,152.66,49.97,22.71,220,170.26,156.2,66.71,26.68,250,198.14,169.54,26.33,10.53,250,27.71,9.61,0,0,184.5,45.73,13.52,0,0,250,17.27,9.67,0.68,0.45,150,52.3,18.29,0,0,264.6,22.56,10.76,3.25,1.95,166.4
12:45,5328,4460,2935,14.16,20727,3409,3295,2489,42.92,5799,1919,1165,446,2.99,14928,730,563,185,9.38,1972,518,482,179,24.86,720,213,81,6,0.48,1252,858,884,868,60.07,1445,344,166,40,1.66,2412,740,663,408,29.44,1386,783,673,327,6.54,5000,1294,1265,1033,45.95,2248,579,245,74,1.18,6265,37.46,13.5,0,0,236,159.72,150.33,61.59,28,220,160.92,152.05,82.56,33.02,250,197.06,180.04,35.14,14.06,250,29.62,9.69,0,0,184.5,47.99,15.04,0,0,250,18.59,10.76,1.95,1.3,150,54.63,19.84,0.98,0.37,264.6,24.45,11.8,3,1.8,166.4
13:00,5294,4470,2846,13.71,20757,3339,3278,2418,41.48,5829,1955,1192,427,2.86,14928,719,568,147,7.34,2002,494,480,141,18.8,750,226,88,5,0.4,1252,855,872,812,56.19,1445,328,164,42,1.74,2412,712,658,381,27.49,1386,798,683,302,6.04,5000,1278,1268,1084,48.22,2248,604,257,78,1.25,6265,39.46,14.83,0,0,236,152.3,145.42,36.8,14.72,250,152.46,147.04,52.11,20.84,250,188.83,187.49,52.55,21.02,250,31.43,9.94,0.18,0.1,184.5,50.2,16.82,0,0,250,20.31,11.74,0.85,0.57,150,57.15,21.53,1.57,0.59,264.6,26.98,12.83,2.79,1.68,166.4
13:15,5250,4467,2783,13.41,20757,3262,3215,2348,40.28,5829,1987,1253,435,2.91,14928,706,567,175,8.74,2002,469,463,168,22.4,750,237,105,7,0.56,1252,834,851,812,56.19,1445,312,164,43,1.78,2412,685,650,402,29,1386,812,696,302,6.04,5000,1274,1251,966,42.97,2248,626,288,83,1.32,6265,41.45,18,0,0,236,145.68,141.97,58.72,23.49,250,145.14,143.45,50.18,20.07,250,177.98,177.25,59.38,23.75,250,33.13,13.38,1.23,0.67,184.5,52.1,21.66,0,0,250,21.94,13.12,1.15,0.77,150,59.36,24.08,1.57,0.59,264.6,29.16,14.37,3.21,1.93,166.4
13:30,5207,3980,2808,13.53,20752,3182,2957,2333,40.06,5824,2025,1023,474,3.18,14928,687,409,269,13.44,2002,439,331,261,34.8,750,248,78,9,0.72,1252,795,793,754,52.18,1445,296,143,66,2.74,2412,677,609,380,27.42,1386,834,500,313,6.26,5000,1272,1224,939,41.86,2243,647,301,87,1.39,6265,43.5,13.49,0,0,236,137.69,99.71,106.52,42.61,250,135.46,110.21,72.38,28.95,250,165.41,120.7,81.71,32.68,250,34.44,11.37,0.92,0.5,184.5,54.12,16.96,0,0,250,23.63,9.3,1.77,1.18,150,61.39,16.3,1.31,0.5,264.6,31.14,11.06,4.54,2.73,166.4
13:45,5182,3979,2746,13.23,20752,3106,2931,2202,37.81,5824,2076,1048,544,3.64,14928,667,440,278,13.89,2002,407,358,271,36.13,750,261,81,7,0.56,1252,760,758,694,48.03,1445,282,141,119,4.93,2412,671,604,372,26.84,1386,861,512,320,6.4,5000,1269,1210,865,38.56,2243,672,313,98,1.56,6265,45.82,14.11,0,0,236,129.56,113.65,129.56,51.82,250,125.23,123.13,72.6,29.04,250,152.03,121.47,68.49,27.4,250,36.53,11.67,0.16,0.09,184.5,56.61,17.83,0,0,250,25.27,9.92,1.04,0.69,150,63.6,16.33,1.95,0.74,264.6,32.83,11.42,4.16,2.5,166.4
14:00,5173,3975,2808,13.53,20752,3036,2883,2180,37.43,5824,2137,1093,627,4.2,14928,663,455,320,15.98,2002,388,366,311,41.47,750,275,88,9,0.72,1252,724,739,666,46.09,1445,270,140,162,6.72,2412,664,591,406,29.29,1386,889,534,331,6.62,5000,1260,1186,798,35.58,2243,703,330,125,2,6265,48.43,15.28,0,0,236,121.95,115.86,132.65,53.06,250,117.04,125.14,111.03,44.41,250,149.13,125.32,67.24,26.9,250,39.3,13,0.71,0.38,184.5,59.41,18.96,0,0,250,26.85,10.86,0.41,0.27,150,66.05,17.75,4.16,1.57,264.6,35.01,12.41,3.57,2.15,166.4
14:15,5179,3948,2750,13.25,20752,2976,2815,2113,36.28,5824,2203,1133,636,4.26,14928,682,473,277,13.84,2002,394,377,267,35.6,750,288,96,10,0.8,1252,700,709,659,45.61,1445,263,139,131,5.43,2412,657,570,408,29.44,1386,924,552,332,6.64,5000,1225,1159,780,34.77,2243,729,346,163,2.6,6265,50.96,16.57,0,0,236,125.67,118.25,71.27,28.51,250,121.98,124.77,104.58,41.83,250,145.9,133.95,91.15,36.46,250,42.12,14.53,0.93,0.5,184.5,62.13,20.73,1.48,0.59,250,28.43,11.45,0.16,0.11,150,67.43,18.9,5.19,1.96,264.6,37.21,13.61,2.36,1.42,166.4
14:30,5128,3867,2693,12.98,20752,2858,2692,2016,34.62,5824,2270,1176,677,4.54,14928,701,474,283,14.14,2002,396,370,261,34.8,750,305,105,22,1.76,1252,651,675,557,38.55,1445,258,137,96,3.98,2412,634,535,408,29.44,1386,952,570,339,6.78,5000,1177,1112,791,35.27,2243,755,364,219,3.5,6265,53.68,18.04,0,0,236,128.54,115,45.45,18.18,250,125.88,121.87,112.12,44.85,250,141.81,132.67,103,41.2,250,44.98,15.71,1.34,0.73,184.5,65.27,22.66,2.1,0.84,250,30.15,12.21,4.43,2.95,150,70.46,20.75,9.81,3.71,264.6,40.04,15.21,4.31,2.59,166.4
14:45,5062,3805,2644,12.74,20752,2747,2557,1879,32.26,5824,2315,1248,765,5.12,14928,717,490,252,12.59,2002,399,363,210,28,750,319,128,43,3.43,1252,619,635,439,30.38,1445,253,135,69,2.86,2412,606,494,432,31.17,1386,964,603,383,7.66,5000,1123,1065,798,35.58,2243,780,382,271,4.33,6265,56.18,22.15,5.81,2.46,236,131.17,112.38,58,23.2,250,129.99,119.02,73.73,29.49,250,137.44,131.39,78.07,31.23,250,47.63,19.74,1.16,0.63,184.5,67.96,28.55,9.01,3.6,250,31.48,14.16,5.79,3.86,150,73.08,25.51,13.14,4.97,264.6,42.46,17.53,7.64,4.59,166.4
15:00,4986,3543,2718,13.1,20752,2622,2393,1844,31.66,5824,2364,1150,874,5.85,14928,726,415,319,15.93,2002,394,314,247,32.93,750,332,101,73,5.83,1252,588,610,355,24.57,1445,249,118,125,5.18,2412,574,464,447,32.25,1386,977,624,385,7.7,5000,1066,1005,795,35.44,2243,805,308,292,4.66,6265,58.57,16.55,13.06,5.53,236,134.03,101.26,85.96,34.38,250,134.22,100.66,81.6,32.64,250,125.39,112.42,78.96,31.58,250,50.23,15.89,2.18,1.18,184.5,70.28,21.54,18.04,7.22,250,32.85,11.12,8.25,5.5,150,75.68,20.06,22.64,8.56,264.6,44.78,15.7,8.36,5.02,166.4
15:15,4889,3437,2638,12.71,20752,2485,2266,1683,28.9,5824,2404,1170,955,6.4,14928,714,404,336,16.78,2002,369,297,240,32,750,344,107,97,7.75,1252,555,573,348,24.08,1445,248,116,135,5.6,2412,542,437,347,25.04,1386,984,635,395,7.9,5000,1018,959,749,33.39,2243,828,313,328,5.24,6265,60.58,17.5,17.81,7.55,236,124.19,96.36,60.47,24.19,250,124.34,94.31,95.45,38.18,250,120.61,106.13,83.78,33.51,250,52.11,16.44,4.69,2.54,184.5,72.35,22.83,26.01,10.4,250,34.13,11.68,6.65,4.43,150,78.29,21.59,31.55,11.92,264.6,46.94,16.65,10,6.01,166.4
15:30,4750,3340,2615,12.61,20742,2296,2117,1566,26.89,5824,2455,1223,1050,7.04,14918,658,396,343,17.13,2002,303,282,207,27.6,750,355,115,136,10.86,1252,527,531,347,24.01,1445,244,117,135,5.6,2412,497,405,313,22.58,1386,1000,650,395,7.9,5000,969,899,699,31.16,2243,855,341,383,6.12,6255,62.52,18.45,26.53,11.24,236,95.11,92.19,85.9,34.36,250,99.13,89.52,58.49,23.4,250,108.34,99.93,62.35,24.94,250,53.69,17.45,8.51,4.61,184.5,73.74,24.42,43.92,17.57,250,35.6,12.61,10.16,6.77,150,80.32,23.45,36.33,13.73,264.6,49.37,18.21,10.57,6.35,166.4
15:45,4614,3244,2661,12.83,20742,2126,1963,1533,26.32,5824,2488,1281,1128,7.56,14918,637,386,377,18.83,2002,271,264,231,30.8,750,366,122,146,11.66,1252,489,489,271,18.75,1445,242,122,148,6.14,2412,447,371,290,20.92,1386,1000,678,444,8.88,5000,919,839,741,33.04,2243,880,360,390,6.24,6255,64.44,19.52,24.76,10.49,236,85.56,87.09,94.68,37.87,250,88.62,81.6,53.03,21.21,250,97.08,95.6,83.35,33.34,250,55.3,17.64,8.74,4.74,184.5,75.02,26.37,47.05,18.82,250,37.14,13.25,15.54,10.36,150,82.47,25.2,37.13,14.03,264.6,51.73,19.73,12.98,7.8,166.4
16:00,4490,3135,2660,12.82,20742,1971,1815,1410,24.21,5824,2519,1320,1250,8.38,14918,643,371,385,19.23,2002,269,242,234,31.2,750,374,129,151,12.06,1252,453,445,221,15.29,1445,240,126,152,6.3,2412,390,343,323,23.3,1386,999,688,546,10.92,5000,859,784,631,28.13,2243,905,378,400,6.39,6255,66.22,20.58,19.93,8.44,236,90.96,77.8,93.52,37.41,250,90.4,76.58,54.86,21.94,250,87.47,88.08,85.79,34.32,250,56.89,18.32,8.75,4.74,184.5,75.35,27.62,49.81,19.92,250,38.51,14.34,14.75,9.83,150,83.52,26.35,41.18,15.56,264.6,53.4,21.33,16.73,10.05,166.4
16:15,4315,3027,2724,13.13,20742,1765,1644,1474,25.31,5824,2550,1383,1251,8.39,14918,619,365,459,22.93,2002,235,219,311,41.47,750,384,146,147,11.74,1252,407,400,205,14.19,1445,235,125,116,4.81,2412,340,310,331,23.88,1386,998,699,587,11.74,5000,784,715,626,27.91,2243,933,413,400,6.39,6255,68.37,24.31,14.47,6.13,236,79.22,69.24,120.05,48.02,250,78.76,68.8,99.21,39.68,250,76.72,81.29,91.94,36.78,250,58.52,21.13,12.36,6.7,184.5,76.35,31.02,44.03,17.61,250,40.05,16.65,15.97,10.65,150,85.14,29.51,42.54,16.08,264.6,55.61,23.5,17.99,10.81,166.4
16:30,4132,2844,2696,12.99,20752,1558,1479,1400,24.04,5824,2575,1365,1296,8.68,14928,598,371,482,24.08,2002,204,208,300,40,750,395,163,183,14.62,1252,360,341,185,12.8,1445,230,148,63,2.61,2412,289,269,296,21.36,1386,992,590,624,12.48,5000,705,661,619,27.6,2243,959,464,427,6.82,6265,70.37,28.36,18.44,7.81,236,68.08,63.46,103.24,41.3,250,69.11,68.34,108.72,43.49,250,66.32,75.96,87.76,35.1,250,60.01,20,20.56,11.14,184.5,77.58,35.26,36.98,14.79,250,41.89,16.9,19.88,13.25,150,86.86,39.27,62.68,23.69,264.6,57.96,23.4,23.97,14.41,166.4
16:45,3946,2692,2534,12.21,20752,1359,1311,1155,19.83,5824,2587,1380,1379,9.24,14928,574,349,410,20.48,2002,170,181,190,25.33,750,404,168,220,17.57,1252,315,307,150,10.38,1445,224,140,65,2.69,2412,249,232,242,17.46,1386,982,594,729,14.58,5000,624,591,574,25.59,2243,978,478,365,5.83,6265,72.06,29.03,25.72,10.9,236,56.4,56.37,63.98,25.59,250,57.65,59.83,62.75,25.1,250,56.31,64.59,62.93,25.17,250,61.26,21.04,28.31,15.34,184.5,78.4,36.83,40.49,16.2,250,43.82,17.28,25.38,16.92,150,87.9,40.51,67.97,25.69,264.6,60.17,23.75,32.11,19.3,166.4
17:00,3766,2518,2450,11.8,20754,1174,1121,979,16.81,5824,2592,1397,1472,9.86,14930,549,328,408,20.36,2004,137,150,152,20.27,750,412,178,256,20.41,1254,273,263,119,8.24,1445,222,129,64,2.65,2412,215,196,206,14.86,1386,970,601,834,16.68,5000,548,511,502,22.38,2243,988,489,318,5.08,6265,73.39,30.66,34.11,14.33,238,44.53,47.92,47.62,19.05,250,46.04,50.61,50.07,20.03,250,46.77,51.93,54.29,21.72,250,62.48,22.02,36.74,19.91,184.5,79.65,38.97,39.5,15.8,250,45.24,18.41,32.22,21.48,150,89.36,42.43,73.26,27.69,264.6,61.92,25.03,39.84,23.94,166.4
17:15,3603,2377,2227,10.73,20754,995,949,761,13.07,5824,2608,1428,1466,9.82,14930,529,310,361,18.01,2004,111,125,96,12.8,750,418,185,265,21.13,1254,229,219,78,5.4,1445,227,125,54,2.24,2412,180,162,168,12.12,1386,958,606,877,17.54,5000,476,443,419,18.68,2243,1005,511,270,4.31,6265,74.08,32.1,36.22,15.22,238,36.07,40.56,29.7,11.88,250,37,41.32,32.38,12.95,250,37.45,42.88,34.15,13.66,250,63.29,22.46,39.1,21.19,184.5,79.89,40.83,35.57,14.23,250,46.94,19.68,39.24,26.16,150,89.81,43.62,68.36,25.84,264.6,64,26.3,46.24,27.79,166.4
17:30,3424,2261,2028,9.77,20752,818,786,579,9.94,5824,2606,1475,1449,9.71,14928,507,298,324,16.18,2002,84,99,52,6.93,750,423,199,271,21.65,1252,184,181,57,3.94,1445,232,120,55,2.28,2412,144,129,118,8.51,1386,939,619,880,17.6,5000,407,376,353,15.74,2243,1012,538,242,3.86,6265,74.26,34.97,30.43,12.79,238,27.8,32.05,16.28,6.51,250,27.79,32.94,20.42,8.17,250,28.1,34.06,15.51,6.2,250,64.55,23.14,44.29,24.01,184.5,80.31,45.41,33.69,13.48,250,48.12,21.63,44.15,29.43,150,90.26,45.19,63.86,24.13,264.6,65.32,28.28,54.9,33.39,164.4
17:45,3242,2120,1811,8.73,20752,654,631,460,7.9,5824,2588,1489,1350,9.04,14928,482,276,310,15.48,2002,60,73,35,4.67,750,422,203,275,21.96,1252,146,143,49,3.39,1445,233,117,30,1.24,2412,110,103,86,6.2,1386,919,619,800,16,5000,338,312,290,12.93,2243,1013,550,246,3.93,6265,73.73,35.93,32.52,13.66,238,20.04,23.73,10.91,4.36,250,20.04,23.86,15.12,6.05,250,19.56,25.61,9.23,3.69,250,64.14,23.37,42.28,22.92,184.5,79.12,46.06,29.97,11.99,250,49.16,22.53,49.16,32.77,150,89.66,45.89,56.31,21.28,264.6,66.52,29.23,64.41,39.18,164.4
18:00,3064,1955,1680,8.1,20752,499,458,374,6.42,5824,2564,1498,1306,8.75,14928,461,312,286,14.29,2002,40,48,21,2.8,750,421,264,265,21.17,1252,108,92,39,2.7,1445,230,87,26,1.08,2412,84,73,78,5.63,1386,896,611,779,15.58,5000,267,244,236,10.52,2243,1017,535,236,3.77,6265,73.03,37.62,33.87,14.23,238,13.11,13.4,6.42,2.57,250,13.46,15.74,8.18,3.27,250,13.53,19.04,6.26,2.5,250,63.7,35.48,35.07,19.01,184.5,77.63,51.46,29.62,11.85,250,50.37,31.29,48.18,32.12,150,88.49,66.15,52.02,19.66,264.6,67.68,42.19,66.43,40.41,164.4
18:15,2884,1813,1572,7.58,20752,345,314,272,4.67,5824,2538,1499,1300,8.71,14928,440,293,285,14.24,2002,21,27,13,1.73,750,419,267,272,21.73,1252,75,62,25,1.73,1445,228,87,22,0.91,2412,54,48,65,4.69,1386,874,604,790,15.8,5000,196,177,169,7.53,2243,1018,541,216,3.45,6265,72.3,38.36,33.25,13.97,238,6.55,6.39,4.37,1.75,250,7.1,9.22,4.35,1.74,250,7.32,11.1,4.5,1.8,250,63.15,36.2,32.43,17.58,184.5,76.56,51.55,32.27,12.91,250,51.08,31.69,49.49,32.99,150,87.47,66.18,54.75,20.69,264.6,68.31,42.73,69.4,42.21,164.4
18:30,2708,1731,1546,7.45,20752,208,192,204,3.5,5824,2500,1539,1342,8.99,14928,418,279,288,14.39,2002,4,11,5,0.67,750,414,268,284,22.68,1252,43,35,15,1.04,1445,223,91,22,0.91,2412,29,27,56,4.04,1386,848,627,815,16.3,5000,132,119,129,5.75,2243,1015,552,222,3.54,6265,71.4,38.86,36.19,15.21,238,1.19,2.08,1.75,0.7,250,1.26,3.84,1.77,0.71,250,1.31,4.6,1.03,0.41,250,62.73,36.85,32.59,17.66,184.5,74.54,51.19,36.88,14.75,250,51.58,32.35,51.83,34.55,150,85.29,66.09,54.71,20.68,264.6,68.43,43.04,71.38,43.42,164.4
18:45,2573,1646,1508,7.27,20752,96,98,129,2.21,5824,2477,1548,1379,9.24,14928,409,273,286,14.29,2002,0,3,0,0,750,409,270,286,22.84,1252,15,15,7,0.48,1445,222,94,25,1.04,2412,7,11,48,3.46,1386,831,623,801,16.02,5000,74,68,74,3.3,2243,1016,560,266,4.25,6265,70.6,39.26,42.32,17.78,238,0,0,0.02,0.01,250,0,1.18,0.03,0.01,250,0,1.56,0,0,250,62.3,37.9,34.76,18.84,184.5,73.11,49.79,41.75,16.7,250,50.9,33.08,46.09,30.73,150,83.72,66.76,58.61,22.15,264.6,67.99,43.54,62.39,37.95,164.4
19:00,2463,1585,1513,7.29,20752,29,37,89,1.53,5824,2434,1548,1424,9.54,14928,402,275,307,15.33,2002,0,3,0,0,750,402,272,307,24.52,1252,1,3,2,0.14,1445,219,102,29,1.2,2412,0,5,44,3.17,1386,813,617,779,15.58,5000,28,27,42,1.87,2243,1000,557,310,4.95,6265,69.84,40.42,50.83,21.36,238,0,0.18,0,0,250,0,0.98,0,0,250,0,2.08,0,0,250,62.02,39,35.73,19.37,184.5,70.74,49.09,50.23,20.09,250,50.1,33.69,44.79,29.86,150,81.31,66.49,63.73,24.09,264.6,67.61,43.31,61.43,37.37,164.4
19:15,2415,1581,1527,7.36,20752,2,8,60,1.03,5824,2413,1573,1466,9.82,14928,396,272,328,16.38,2002,0,0,0,0,750,396,272,328,26.2,1252,0,1,2,0.14,1445,226,112,37,1.53,2412,0,3,44,3.17,1386,800,610,742,14.84,5000,2,4,15,0.67,2243,990,579,359,5.73,6265,68.9,42.1,54.02,22.7,238,0,0,0,0,250,0,0,0,0,250,0,0,0,0,250,61.67,38.42,38.8,21.03,184.5,68.96,48.75,54.16,21.66,250,49.61,34.3,46.74,31.16,150,79.62,64.66,68.81,26.01,264.6,67.69,43.85,65.19,39.65,164.4
19:30,2393,1782,1536,7.4,20754,0,2,50,0.86,5824,2393,1780,1486,9.95,14930,388,310,322,16.07,2004,0,0,0,0,750,388,310,322,25.68,1254,0,0,2,0.14,1445,242,99,45,1.87,2412,0,0,44,3.17,1386,791,815,701,14.02,5000,0,2,4,0.18,2243,971,556,419,6.69,6265,67.26,44.92,51.19,21.51,238,0,0,0,0,250,0,0,0,0,250,0,0,0,0,250,61.51,43.29,39.3,21.3,184.5,66.29,43.59,55.16,22.06,250,48.79,48.77,40.36,26.91,150,77.36,62.23,74.61,28.2,264.6,66.99,67.16,60.89,36.59,166.4
19:45,2387,1778,1603,7.72,20754,0,0,49,0.84,5824,2387,1778,1555,10.42,14930,381,306,321,16.02,2004,0,0,0,0,750,381,306,321,25.6,1254,0,0,2,0.14,1445,268,102,39,1.62,2412,0,0,44,3.17,1386,781,809,714,14.28,5000,0,0,3,0.13,2243,956,561,481,7.68,6265,65.73,44.07,49.96,20.99,238,0,0,0,0,250,0,0,0,0,250,0,0,0,0,250,61.1,43.01,39.77,21.56,184.5,64.73,42.69,52.63,21.05,250,47.94,49.04,43.78,29.19,150,76.11,60.64,72.53,27.41,264.6,65.72,66.76,61.93,37.22,166.4
20:00,2410,1786,1692,8.15,20754,0,0,37,0.64,5824,2410,1786,1654,11.08,14930,374,302,328,16.37,2004,0,0,0,0,750,374,302,328,26.16,1254,0,0,2,0.14,1445,312,109,37,1.53,2412,0,0,32,2.31,1386,775,801,737,14.74,5000,0,0,3,0.13,2243,949,573,553,8.83,6265,63.65,43.45,47.41,19.92,238,0,0,0,0,250,0,0,0,0,250,0,0,0,0,250,60.42,42.67,39.11,21.2,184.5,63.25,42.61,52.66,21.06,250,47.27,48.71,49.18,32.79,150,75.16,59.28,72.83,27.52,264.6,64.52,65.6,66.59,40.02,166.4
20:15,2435,1809,1657,7.98,20754,0,0,5,0.09,5824,2435,1809,1653,11.07,14930,366,297,319,15.92,2004,0,0,0,0,750,366,297,319,25.44,1254,0,0,2,0.14,1445,364,120,39,1.62,2412,0,0,0,0,1386,763,794,708,14.16,5000,0,0,3,0.13,2243,942,597,586,9.35,6265,61.54,43.44,46.67,19.61,238,0,0,0,0,250,0,0,0,0,250,0,0,0,0,250,59.66,41.32,36.87,19.98,184.5,61.84,42.7,48.01,19.2,250,45.87,47.79,50.25,33.5,150,74.34,57.24,64.33,24.31,264.6,62.84,64.53,73.32,44.06,166.4
20:30,2446,1805,1614,7.78,20754,0,0,4,0.07,5824,2446,1805,1610,10.78,14930,356,295,289,14.42,2004,0,0,0,0,750,356,295,289,23.05,1254,0,0,2,0.14,1445,409,135,35,1.45,2412,0,0,0,0,1386,752,777,669,13.38,5000,0,0,3,0.13,2243,928,598,616,9.83,6265,59.25,43.86,41.73,17.53,238,0,0,0,0,250,0,0,0,0,250,0,0,0,0,250,58.29,41.3,34.39,18.64,184.5,60.17,43.83,41.76,16.7,250,44.49,46.16,43.48,28.99,150,72.64,56.93,56.27,21.27,264.6,61.26,63.04,71.61,43.03,166.4
20:45,2448,1816,1588,7.65,20754,0,0,4,0.07,5824,2448,1816,1584,10.61,14930,345,291,267,13.32,2004,0,0,0,0,750,345,291,267,21.29,1254,0,0,2,0.14,1445,442,150,31,1.29,2412,0,0,0,0,1386,736,772,658,13.16,5000,0,0,3,0.13,2243,925,604,628,10.02,6265,57.05,43.18,41.26,17.34,238,0,0,0,0,250,0,0,0,0,250,0,0,0,0,250,56.69,40.86,37.57,20.36,184.5,58.2,43.66,39.81,15.92,250,42.99,45.5,35.49,23.66,150,70.52,55.77,49.05,18.54,264.6,59.69,61.56,63.39,38.09,166.4
21:00,2445,1808,1612,7.77,20754,0,0,4,0.07,5824,2445,1808,1608,10.77,14930,337,331,267,13.32,2004,0,0,0,0,750,337,331,267,21.29,1254,0,0,2,0.14,1445,462,101,38,1.58,2412,0,0,0,0,1386,723,768,672,13.44,5000,0,0,3,0.13,2243,923,609,631,10.07,6265,55.51,52.56,48.31,20.3,238,0,0,0,0,250,0,0,0,0,250,0,0,0,0,250,55.09,44.92,43.1,23.36,184.5,57.06,53.3,37.63,15.05,250,41.84,48,35.56,23.71,150,69,69.46,43.06,16.27,264.6,58.29,62.4,59.17,35.56,166.4
21:15,2449,1822,1629,7.85,20754,0,0,4,0.07,5824,2449,1822,1624,10.88,14930,331,330,267,13.32,2004,0,0,0,0,750,331,330,267,21.29,1254,0,0,2,0.14,1445,483,116,41,1.7,2412,0,0,0,0,1386,720,764,657,13.14,5000,0,0,3,0.13,2243,914,612,659,10.52,6265,54.18,52.25,52.87,22.21,238,0,0,0,0,250,0,0,0,0,250,0,0,0,0,250,53.5,44.65,46.93,25.44,184.5,56.36,54.05,36.93,14.77,250,41.44,47.45,34.1,22.73,150,67.98,69.3,42.82,16.18,264.6,57.91,61.86,53.5,32.15,166.4
21:30,2458,1847,1673,8.06,20754,0,0,4,0.07,5824,2458,1847,1669,11.18,14930,326,327,272,13.57,2004,0,0,0,0,750,326,327,272,21.69,1254,0,0,1,0.07,1445,502,138,39,1.62,2412,0,0,0,0,1386,718,760,651,13.02,5000,0,0,3,0.13,2243,913,622,708,11.3,6265,52.92,51.83,49.94,20.98,238,0,0,0,0,250,0,0,0,0,250,0,0,0,0,250,52.29,43.69,41.99,22.76,184.5,55.5,54.16,41.18,16.47,250,40.86,47.14,35.32,23.55,150,66.75,68.82,45.46,17.18,264.6,57.23,61.59,57.8,34.74,166.4
21:45,2474,1869,1730,8.34,20754,0,0,3,0.05,5824,2474,1869,1727,11.57,14930,322,323,273,13.62,2004,0,0,0,0,750,322,323,273,21.77,1254,0,0,1,0.07,1445,518,154,36,1.49,2412,0,0,0,0,1386,716,757,660,13.2,5000,0,0,3,0.13,2243,919,635,758,12.1,6265,52.11,50.82,46.27,19.44,238,0,0,0,0,250,0,0,0,0,250,0,0,0,0,250,52.07,43.03,38.57,20.91,184.5,55.11,53.64,42.78,17.11,250,40.19,46.19,37.21,24.81,150,66.07,68.48,49.48,18.7,264.6,56.23,60.69,59.12,35.53,166.4
22:00,2486,1897,1832,8.83,20754,0,0,3,0.05,5824,2486,1897,1829,12.25,14930,320,320,281,14.02,2004,0,0,0,0,750,320,320,281,22.41,1254,0,0,1,0.07,1445,534,173,37,1.53,2412,0,0,0,0,1386,708,756,689,13.78,5000,0,0,3,0.13,2243,924,648,822,13.12,6265,51.69,50.25,49.91,20.97,238,0,0,0,0,250,0,0,0,0,250,0,0,0,0,250,52.14,42.81,42.12,22.83,184.5,55.35,53.46,42.98,17.19,250,39.54,45.72,36.91,24.61,150,65.82,67.93,48.78,18.44,264.6,55.22,59.77,59.94,36.02,166.4
22:15,2519,1946,1880,9.06,20754,0,0,3,0.05,5824,2519,1946,1877,12.57,14930,318,316,315,15.72,2004,0,0,0,0,750,318,316,315,25.12,1254,0,0,1,0.07,1445,552,203,34,1.41,2412,0,0,0,0,1386,713,756,708,14.16,5000,0,0,3,0.13,2243,935,672,819,13.07,6265,51.34,49.65,60.39,25.37,238,0,0,0,0,250,0,0,0,0,250,0,0,0,0,250,52.16,42.5,52.06,28.22,184.5,56.21,52.86,49.31,19.72,250,38.37,43.62,37.18,24.79,150,66.04,67.92,53.94,20.39,264.6,53.79,59.21,62.54,37.58,166.4
22:30,2533,1893,1949,9.39,20754,0,0,3,0.05,5824,2533,1893,1946,13.03,14930,316,296,361,18.01,2004,0,0,0,0,750,316,296,361,28.79,1254,0,0,1,0.07,1445,573,147,29,1.2,2412,0,0,0,0,1386,708,704,729,14.58,5000,0,0,3,0.13,2243,937,747,826,13.18,6265,50.76,50.79,67.02,28.16,238,0,0,0,0,250,0,0,0,0,250,0,0,0,0,250,52.17,46.09,59.53,32.27,184.5,56.85,44.56,56.39,22.56,250,37.21,41.01,39.01,26.01,150,66.28,54.06,67.49,25.51,264.6,52.51,59.5,71.91,43.22,166.4
22:45,2559,1901,2001,9.64,20754,0,0,3,0.05,5824,2559,1901,1997,13.38,14930,315,292,393,19.61,2004,0,0,0,0,750,315,292,393,31.34,1254,0,0,1,0.07,1445,598,162,25,1.04,2412,0,0,0,0,1386,705,700,727,14.54,5000,0,0,3,0.13,2243,942,747,853,13.62,6265,50.08,49.85,72.15,30.32,238,0,0,0,0,250,0,0,0,0,250,0,0,0,0,250,52.33,45.61,60.31,32.69,184.5,57.19,43.89,63.55,25.42,250,36.67,40.35,41.59,27.73,150,66.5,53.78,78.56,29.69,264.6,51.79,58.55,77.33,46.47,166.4
23:00,2593,1920,2021,9.74,20754,0,0,3,0.05,5824,2593,1920,2018,13.52,14930,311,289,387,19.31,2004,0,0,0,0,750,311,289,387,30.86,1254,0,0,1,0.07,1445,625,178,24,1,2412,0,0,0,0,1386,710,702,717,14.34,5000,0,0,3,0.13,2243,947,751,890,14.21,6265,49.04,49.15,75.73,31.82,238,0,0,0,0,250,0,0,0,0,250,0,0,0,0,250,52.41,46.04,56.09,30.4,184.5,56.25,43.15,66.06,26.42,250,36.29,38.97,37.26,24.84,150,65.54,54.31,79.46,30.03,264.6,51.44,57.03,72.67,43.67,166.4
23:15,2638,1939,2040,9.83,20754,0,0,3,0.05,5824,2638,1939,2037,13.64,14930,306,285,397,19.81,2004,0,0,0,0,750,306,285,397,31.66,1254,0,0,1,0.07,1445,653,190,25,1.04,2412,0,0,0,0,1386,724,709,712,14.24,5000,0,0,3,0.13,2243,955,756,903,14.41,6265,48,48.43,82.87,34.82,238,0,0,0,0,250,0,0,0,0,250,0,0,0,0,250,52.78,46.73,62.86,34.07,184.5,55.29,42.2,73.21,29.28,250,35.26,37.81,33.6,22.4,150,64.54,54.38,80.24,30.33,264.6,49.85,55.55,63.75,38.31,166.4
23:30,2681,1976,2095,10.09,20754,0,0,3,0.05,5824,2681,1976,2092,14.01,14930,301,282,412,20.56,2004,0,0,0,0,750,301,282,412,32.85,1254,0,0,1,0.07,1445,680,214,27,1.12,2412,0,0,0,0,1386,735,712,707,14.14,5000,0,0,3,0.13,2243,966,769,946,15.1,6265,47.09,48.05,83.57,35.11,238,0,0,0,0,250,0,0,0,0,250,0,0,0,0,250,53.41,45.81,70.88,38.42,184.5,53.97,43.58,76.45,30.58,250,34.04,36.47,32.61,21.74,150,64.22,54.31,86.8,32.8,264.6,47.99,53.43,61.78,37.13,166.4
23:45,2705,1989,2132,10.29,20714,0,0,3,0.05,5824,2705,1989,2129,14.3,14890,293,279,429,21.41,2004,0,0,0,0,750,293,279,429,34.21,1254,0,0,1,0.07,1445,702,225,27,1.12,2412,0,0,0,0,1386,747,716,712,14.24,5000,0,0,3,0.13,2243,964,768,961,15.44,6225,45.52,47.64,79.3,33.32,238,0,0,0,0,250,0,0,0,0,250,0,0,0,0,250,53.11,45.29,72.59,39.34,184.5,51.4,43.87,77.87,31.15,250,33.34,35.95,35.55,23.7,150,62.97,54.13,95.16,35.96,264.6,46.57,52.09,68.29,41.04,166.4
