Time Stamp,WR_WR_COMBINED_R0,WR_WR_COMBINED_16,WR_WR_COMBINED_Act,WR_WR_COMBINED_CUF,WR_WR_COMBINED_AVC,WR_WR_SOLAR _R0,WR_WR_SOLAR _16,WR_WR_SOLAR _Act,WR_WR_SOLAR _CUF,WR_WR_SOLAR _AVC,WR_WR_WIND _R0,WR_WR_WIND _16,WR_WR_WIND _Act,WR_WR_WIND _CUF,WR_WR_WIND _AVC,WR-ISTS_WR-ISTS_COMBINED_R0,WR-ISTS_WR-ISTS_COMBINED_16,WR-ISTS_WR-ISTS_COMBINED_Act,WR-ISTS_WR-ISTS_COMBINED_CUF,WR-ISTS_WR-ISTS_COMBINED_AVC,WR-ISTS_WR-ISTS_SOLAR _R0,WR-ISTS_WR-ISTS_SOLAR _16,WR-ISTS_WR-ISTS_SOLAR _Act,WR-ISTS_WR-ISTS_SOLAR _CUF,WR-ISTS_WR-ISTS_SOLAR _AVC,WR-ISTS_WR-ISTS_WIND _R0,WR-ISTS_WR-ISTS_WIND _16,WR-ISTS_WR-ISTS_WIND _Act,WR-ISTS_WR-ISTS_WIND _CUF,WR-ISTS_WR-ISTS_WIND _AVC,Madhya Pradesh_Madhya Pradesh_SOLAR _R0,Madhya Pradesh_Madhya Pradesh_SOLAR _16,Madhya Pradesh_Madhya Pradesh_SOLAR _Act,Madhya Pradesh_Madhya Pradesh_SOLAR _CUF,Madhya Pradesh_Madhya Pradesh_SOLAR _AVC,Madhya Pradesh_Madhya Pradesh_WIND _R0,Madhya Pradesh_Madhya Pradesh_WIND _16,Madhya Pradesh_Madhya Pradesh_WIND _Act,Madhya Pradesh_Madhya Pradesh_WIND _CUF,Madhya Pradesh_Madhya Pradesh_WIND _AVC,Maharastra_Maharastra_SOLAR _R0,Maharastra_Maharastra_SOLAR _16,Maharastra_Maharastra_SOLAR _Act,Maharastra_Maharastra_SOLAR _CUF,Maharastra_Maharastra_SOLAR _AVC,Maharastra_Maharastra_WIND _R0,Maharastra_Maharastra_WIND _16,Maharastra_Maharastra_WIND _Act,Maharastra_Maharastra_WIND _CUF,Maharastra_Maharastra_WIND _AVC,Gujarat_Gujarat_SOLAR _R0,Gujarat_Gujarat_SOLAR _16,Gujarat_Gujarat_SOLAR _Act,Gujarat_Gujarat_SOLAR _CUF,Gujarat_Gujarat_SOLAR _AVC,Gujarat_Gujarat_WIND _R0,Gujarat_Gujarat_WIND _16,Gujarat_Gujarat_WIND _Act,Gujarat_Gujarat_WIND _CUF,Gujarat_Gujarat_WIND _AVC,OKWPL_RE-WIND_WIND_R0,OKWPL_RE-WIND_WIND_16,OKWPL_RE-WIND_WIND_Act,OKWPL_RE-WIND_WIND_CUF,OKWPL_RE-WIND_WIND_AVC,Acme_RUMS-SOLAR_SOLAR_R0,Acme_RUMS-SOLAR_SOLAR_16,Acme_RUMS-SOLAR_SOLAR_Act,Acme_RUMS-SOLAR_SOLAR_CUF,Acme_RUMS-SOLAR_SOLAR_AVC,Arinsun_RUMS-SOLAR_SOLAR_R0,Arinsun_RUMS-SOLAR_SOLAR_16,Arinsun_RUMS-SOLAR_SOLAR_Act,Arinsun_RUMS-SOLAR_SOLAR_CUF,Arinsun_RUMS-SOLAR_SOLAR_AVC,Mahindra_RUMS-SOLAR_SOLAR_R0,Mahindra_RUMS-SOLAR_SOLAR_16,Mahindra_RUMS-SOLAR_SOLAR_Act,Mahindra_RUMS-SOLAR_SOLAR_CUF,Mahindra_RUMS-SOLAR_SOLAR_AVC,RPL_SECI-II_RE-WIND_WIND_R0,RPL_SECI-II_RE-WIND_WIND_16,RPL_SECI-II_RE-WIND_WIND_Act,RPL_SECI-II_RE-WIND_WIND_CUF,RPL_SECI-II_RE-WIND_WIND_AVC,GIWEL_SECI-II_RE-WIND_WIND_R0,GIWEL_SECI-II_RE-WIND_WIND_16,GIWEL_SECI-II_RE-WIND_WIND_Act,GIWEL_SECI-II_RE-WIND_WIND_CUF,GIWEL_SECI-II_RE-WIND_WIND_AVC,IWISL-WIND_WIND_R0,IWISL-WIND_WIND_16,IWISL-WIND_WIND_Act,IWISL-WIND_WIND_CUF,IWISL-WIND_WIND_AVC,GIWEL_SECI-III_RE-WIND_WIND_R0,GIWEL_SECI-III_RE-WIND_WIND_16,GIWEL_SECI-III_RE-WIND_WIND_Act,GIWEL_SECI-III_RE-WIND_WIND_CUF,GIWEL_SECI-III_RE-WIND_WIND_AVC,AGEMPL-WIND_WIND_R0,AGEMPL-WIND_WIND_16,AGEMPL-WIND_WIND_Act,AGEMPL-WIND_WIND_CUF,AGEMPL-WIND_WIND_AVC
0:00,5455,4690,4641,22.47,20655,0,0,4,0.07,5829,5455,4690,4637,31.28,14826,575,525,750,38.96,1925,0,0,0,0,750,575,525,750,63.83,1175,0,0,0,0,1445,467,462,472,19.57,2412,0,0,0,0,1386,1221,1221,880,17.69,4974,0,0,3,0.13,2248,3193,2482,2534,40.45,6265,152.7,149.09,169.92,80.91,210,0,0,0,0,250,0,0,0,0,250,0,0,0,0,250,157.46,128.37,169.76,92.01,184.5,130.3,147.27,166.76,74.91,222.6,22.33,36.87,54.01,40.46,133.5,90.4,42.04,175.1,66.18,264.6,21.65,21.19,14.69,9.17,160.2
0:15,5515,4676,4582,22.18,20660,0,0,8,0.14,5829,5515,4676,4574,30.84,14831,578,513,733,37.98,1930,0,0,0,0,750,578,513,733,62.12,1180,0,0,5,0.35,1445,488,463,439,18.2,2412,0,0,0,0,1386,1220,1220,866,17.41,4974,0,0,3,0.13,2248,3228,2480,2535,40.46,6265,136.05,144.59,169.77,80.84,210,0,0,0,0,250,0,0,0,0,250,0,0,0,0,250,160.68,125.03,164.17,88.98,184.5,120.43,143.59,160.32,72.02,222.6,26.36,36.56,58.86,42.5,138.5,104.19,43.05,165.44,62.52,264.6,30.69,19.92,14.69,9.17,160.2
0:30,5553,4685,4552,22.02,20670,0,0,15,0.26,5829,5553,4685,4537,30.57,14841,574,505,691,35.62,1940,0,0,0,0,750,574,505,691,58.07,1190,0,0,12,0.83,1445,494,461,409,16.96,2412,0,0,0,0,1386,1228,1228,882,17.73,4974,0,0,3,0.13,2248,3258,2491,2554,40.77,6265,131.36,138.9,164.24,74.65,220,0,0,0,0,250,0,0,0,0,250,0,0,0,0,250,159.38,123.22,158.83,86.09,184.5,120.12,139.87,149.5,67.16,222.6,27.64,37.19,43.35,31.3,138.5,104.05,45.75,160.8,60.77,264.6,31.13,19.82,14.69,9.17,160.2
0:45,5555,4723,4577,22.14,20670,0,0,15,0.26,5829,5555,4723,4562,30.74,14841,569,512,685,35.31,1940,0,0,0,0,750,569,512,685,57.56,1190,0,0,12,0.83,1445,486,458,371,15.38,2412,0,0,0,0,1386,1226,1226,919,18.48,4974,0,0,3,0.13,2248,3274,2527,2587,41.29,6265,129.6,130.72,176.69,80.31,220,0,0,0,0,250,0,0,0,0,250,0,0,0,0,250,158.35,126.55,113.73,61.64,184.5,117.43,125.88,162.83,73.15,222.6,29.15,39.91,49.25,35.56,138.5,102.97,60.53,167.89,63.45,264.6,31.96,28.58,14.69,9.17,160.2
1:00,5547,4732,4603,22.27,20670,0,0,15,0.26,5829,5547,4732,4588,30.91,14841,563,515,733,37.78,1940,0,0,0,0,750,563,515,733,61.6,1190,0,0,12,0.83,1445,479,451,341,14.14,2412,0,0,0,0,1386,1224,1224,895,17.99,4974,0,0,3,0.13,2248,3281,2541,2619,41.8,6265,128.86,128.09,183.29,83.31,220,0,0,0,0,250,0,0,0,0,250,0,0,0,0,250,157.56,130.32,129.62,70.25,184.5,112.79,126.5,171.25,76.93,222.6,30.94,40.75,60.15,43.43,138.5,99.38,59.82,173.85,65.7,264.6,33.08,29.64,14.69,9.17,160.2
1:15,5740,4757,4652,22.51,20670,0,0,15,0.26,5829,5740,4757,4637,31.24,14841,611,520,781,40.26,1940,0,0,0,0,750,611,520,781,65.63,1190,0,0,12,0.83,1445,478,441,337,13.97,2412,0,0,0,0,1386,1236,1236,913,18.36,4974,0,0,3,0.13,2248,3415,2560,2606,41.6,6265,129.34,126.42,188.81,85.82,220,0,0,0,0,250,0,0,0,0,250,0,0,0,0,250,158.87,132.25,132,71.54,184.5,110.53,125.57,184.46,82.87,222.6,46,41.38,72.59,52.41,138.5,109.09,62.8,188.35,71.18,264.6,56.98,31.34,14.69,9.17,160.2
1:30,5717,4702,4617,22.35,20657,0,0,15,0.26,5829,5717,4702,4602,31.03,14829,606,662,791,41.03,1928,0,0,0,0,750,606,662,791,67.15,1178,0,0,12,0.83,1445,470,428,346,14.34,2412,0,0,0,0,1386,1239,989,908,18.25,4974,0,0,3,0.13,2248,3402,2622,2557,40.81,6265,127.65,143.28,192.25,87.39,220,0,0,0,0,250,0,0,0,0,250,0,0,0,0,250,157.78,161.78,131.97,71.53,184.5,108.06,141.25,188.09,89.57,210,46.91,47.55,71.03,51.29,138.5,108.36,145.19,193.13,72.99,264.6,57.61,22.82,14.69,9.17,160.2
1:45,5712,4813,4633,22.43,20657,0,0,15,0.26,5829,5712,4813,4618,31.14,14829,611,667,821,42.58,1928,0,0,0,0,750,611,667,821,69.69,1178,0,0,12,0.83,1445,461,424,400,16.58,2412,0,0,0,0,1386,1236,991,874,17.57,4974,0,0,3,0.13,2248,3404,2731,2522,40.26,6265,126.11,141.91,198.61,90.28,220,0,0,0,0,250,0,0,0,0,250,0,0,0,0,250,157.97,161.15,152.51,82.66,184.5,109.62,141.85,190.93,90.92,210,48.28,48.07,74.95,54.12,138.5,110.69,150.01,189.41,71.58,264.6,58.76,23.95,14.69,9.17,160.2
2:00,5705,4825,4655,22.53,20657,0,0,15,0.26,5829,5705,4825,4639,31.28,14829,620,669,868,45.02,1928,0,0,0,0,750,620,669,868,73.68,1178,0,0,12,0.83,1445,453,419,470,19.49,2412,0,0,0,0,1386,1237,1001,854,17.17,4974,0,0,3,0.13,2248,3396,2736,2447,39.06,6265,125.63,140.48,205.35,93.34,220,0,0,0,0,250,0,0,0,0,250,0,0,0,0,250,157.94,160.59,182.42,98.87,184.5,113.88,142.19,192.92,91.87,210,49.66,48.45,86.32,62.32,138.5,113.24,152.7,186.65,70.54,264.6,59.72,24.67,14.69,9.17,160.2
2:15,5695,4838,4629,22.41,20657,0,0,15,0.26,5829,5695,4838,4614,31.11,14829,633,673,876,45.44,1928,0,0,0,0,750,633,673,876,74.36,1178,0,0,12,0.83,1445,446,427,539,22.35,2412,0,0,0,0,1386,1236,1000,798,16.04,4974,0,0,3,0.13,2248,3380,2737,2401,38.32,6265,125.91,135.51,208.51,94.78,220,0,0,0,0,250,0,0,0,0,250,0,0,0,0,250,157.86,160.13,179.03,97.04,184.5,120.12,149.32,197,93.81,210,50.98,51.39,81.94,59.16,138.5,117.75,149.51,194.94,73.67,264.6,60.64,27.47,14.69,9.17,160.2
2:30,5685,4837,4616,22.35,20657,0,0,15,0.26,5829,5685,4837,4601,31.03,14829,644,676,887,46.01,1928,0,0,0,0,750,644,676,887,75.3,1178,0,0,12,0.83,1445,436,422,541,22.43,2412,0,0,0,0,1386,1232,1000,784,15.76,4974,0,0,3,0.13,2248,3373,2740,2389,38.13,6265,127.43,133.99,208.86,94.94,220,0,0,0,0,250,0,0,0,0,250,0,0,0,0,250,157.3,158.99,178.72,96.87,184.5,124.32,151.32,198.93,94.73,210,52.19,53.02,81.48,58.83,138.5,120.97,149.53,204.44,77.26,264.6,61.64,29.3,14.69,9.17,160.2
2:45,5656,4832,4661,22.56,20657,0,0,15,0.26,5829,5656,4832,4646,31.33,14829,653,674,875,45.38,1928,0,0,0,0,750,653,674,875,74.28,1178,0,0,12,0.83,1445,428,417,556,23.05,2412,0,0,0,0,1386,1228,999,775,15.58,4974,0,0,3,0.13,2248,3346,2741,2440,38.95,6265,128.69,131.97,208.87,94.94,220,0,0,0,0,250,0,0,0,0,250,0,0,0,0,250,156.39,158.14,178.02,96.49,184.5,129.57,153.01,197.2,93.9,210,49.49,53.41,65.61,47.37,138.5,128.28,148.22,210.24,79.46,264.6,60.64,29.69,14.69,9.17,160.2
3:00,5627,4691,4729,22.88,20673,0,0,15,0.26,5829,5627,4691,4714,31.75,14845,662,756,882,45.37,1944,0,0,0,0,750,662,756,882,73.87,1194,0,0,12,0.83,1445,424,375,572,23.71,2412,0,0,0,0,1386,1221,998,765,15.38,4974,0,0,3,0.13,2248,3320,2562,2495,39.82,6265,129.49,171.8,207.83,88.06,236,0,0,0,0,250,0,0,0,0,250,0,0,0,0,250,155.13,145.8,181.38,98.31,184.5,134.25,171.66,197.86,94.22,210,47.23,63.8,69.41,50.12,138.5,136.36,173.18,211.28,79.85,264.6,59.62,29.4,14.69,9.17,160.2
3:15,5608,4671,4796,23.2,20673,0,0,15,0.26,5829,5608,4671,4780,32.2,14845,676,748,898,46.19,1944,0,0,0,0,750,676,748,898,75.21,1194,0,0,12,0.83,1445,422,371,576,23.88,2412,0,0,0,0,1386,1218,1002,817,16.43,4974,0,0,3,0.13,2248,3292,2550,2489,39.73,6265,130.85,170.71,210.74,89.3,236,0,0,0,0,250,0,0,0,0,250,0,0,0,0,250,153.25,145.15,177.87,96.41,184.5,143.72,169.23,195.53,93.11,210,45.24,64.08,88.77,64.09,138.5,144.46,169.72,210.68,79.62,264.6,58.59,29.42,14.69,9.17,160.2
3:30,5592,4643,4850,23.46,20673,0,0,16,0.27,5829,5592,4643,4834,32.56,14845,688,741,926,47.63,1944,0,0,0,0,750,688,741,926,77.55,1194,0,0,12,0.83,1445,420,365,564,23.38,2412,0,0,0,0,1386,1213,1002,857,17.23,4974,0,0,3,0.13,2248,3271,2535,2488,39.71,6265,132.62,169.57,214.19,90.76,236,0,0,0,0,250,0,0,0,0,250,0,0,0,0,250,150.55,145.29,177.92,96.43,184.5,152.49,165.57,195.33,93.01,210,43.25,64.16,112.63,81.32,138.5,151.99,168.5,211.03,79.75,264.6,57.48,28.19,14.69,9.17,160.2
3:45,5592,4642,4856,23.49,20673,0,0,16,0.27,5829,5592,4642,4840,32.6,14845,697,718,908,46.71,1944,0,0,0,0,750,697,718,908,76.05,1194,0,0,12,0.83,1445,416,362,544,22.55,2412,0,0,0,0,1386,1214,1034,873,17.55,4974,0,0,3,0.13,2248,3265,2527,2516,40.16,6265,134.65,161.38,210.7,89.28,236,0,0,0,0,250,0,0,0,0,250,0,0,0,0,250,146.86,140.16,177.97,96.46,184.5,156.29,158.54,185.54,88.35,210,46.42,68.88,112.97,81.57,138.5,154.18,160.85,206.15,77.91,264.6,58.96,28.08,14.69,9.17,160.2
4:00,5556,4633,4830,23.36,20673,0,0,16,0.27,5829,5556,4633,4815,32.44,14845,672,713,894,45.99,1944,0,0,0,0,750,672,713,894,74.87,1194,0,0,12,0.83,1445,413,360,499,20.69,2412,0,0,0,0,1386,1217,1038,876,17.61,4974,0,0,3,0.13,2248,3254,2522,2546,40.64,6265,125.39,161.34,201.98,85.58,236,0,0,0,0,250,0,0,0,0,250,0,0,0,0,250,100.63,139.72,179.73,97.41,184.5,157.06,156.86,173.24,82.5,210,56.18,70.5,120.08,86.7,138.5,172.32,158.73,204.2,77.17,264.6,60.53,26.24,14.69,9.17,160.2
4:15,5392,4634,4805,23.24,20673,0,0,16,0.27,5829,5392,4634,4790,32.27,14845,664,703,903,46.45,1944,0,0,0,0,750,664,703,903,75.63,1194,0,0,12,0.83,1445,409,351,440,18.24,2412,0,0,0,0,1386,1246,1046,898,18.05,4974,0,0,3,0.13,2248,3073,2533,2549,40.69,6265,128.31,159.58,201.98,85.58,236,0,0,0,0,250,0,0,0,0,250,0,0,0,0,250,97.28,138.98,180.45,97.8,184.5,154,153.48,177.24,84.4,210,58.8,71.64,123.18,88.94,138.5,163.65,155.49,205.12,77.52,264.6,61.98,23.93,14.69,9.17,160.2
4:30,5374,4699,4868,23.55,20673,0,0,16,0.27,5829,5374,4699,4852,32.68,14845,663,802,907,46.66,1944,0,0,0,0,750,663,802,907,75.96,1194,0,0,12,0.83,1445,404,463,365,15.13,2412,0,0,0,0,1386,1244,950,916,18.42,4974,0,0,3,0.13,2248,3064,2484,2664,42.52,6265,133.17,200.12,202.88,85.97,236,0,0,0,0,250,0,0,0,0,250,0,0,0,0,250,93.88,161.08,179.83,97.47,184.5,152.2,165.46,179.6,85.52,210,61.39,75.06,121.6,87.8,138.5,158.62,184.29,208.24,78.7,264.6,63.27,16.02,14.69,9.17,160.2
4:45,5357,4657,4851,23.47,20673,0,0,16,0.27,5829,5357,4657,4836,32.58,14845,660,793,900,46.3,1944,0,0,0,0,750,660,793,900,75.38,1194,0,0,12,0.83,1445,399,447,306,12.69,2412,0,0,0,0,1386,1236,947,913,18.36,4974,0,0,3,0.13,2248,3062,2470,2717,43.37,6265,138.59,198.17,202.49,85.8,236,0,0,0,0,250,0,0,0,0,250,0,0,0,0,250,91.19,160.98,179.77,97.44,184.5,150.17,162.04,180.62,86.01,210,62.77,74.86,113.7,82.09,138.5,153.84,181.37,208.65,78.85,264.6,63.43,15.67,14.69,9.17,160.2
5:00,5340,4627,4889,23.65,20673,0,0,16,0.27,5829,5340,4627,4873,32.83,14845,658,778,920,47.33,1944,0,0,0,0,750,658,778,920,77.05,1194,0,0,12,0.83,1445,393,432,278,11.53,2412,0,0,0,0,1386,1229,953,919,18.48,4974,0,0,3,0.13,2248,3060,2463,2757,44.01,6265,146.47,195.54,207.5,87.92,236,0,0,0,0,250,0,0,0,0,250,0,0,0,0,250,88.51,158.43,178.48,96.74,184.5,145.99,156.51,191.97,91.41,210,64.09,74.41,115.95,83.72,138.5,149.84,177.18,210.98,79.74,264.6,63.19,16.44,14.69,9.17,160.2
5:15,5314,4583,4961,24,20673,0,0,16,0.27,5829,5314,4583,4945,33.31,14845,653,736,924,47.53,1944,0,0,0,0,750,653,736,924,77.39,1194,0,0,12,0.83,1445,389,403,265,10.99,2412,0,0,0,0,1386,1226,954,928,18.66,4974,0,0,3,0.13,2248,3045,2490,2827,45.12,6265,152.4,176.97,210.98,89.4,236,0.03,0.02,0,0,250,0.02,0.02,0,0,250,0.03,0.03,0,0,250,85.98,142.98,178.06,96.51,184.5,140.82,142.63,198.71,94.62,210,64.07,82.26,109.04,78.73,138.5,147.24,169.51,213,80.5,264.6,62.79,21.71,14.69,9.17,160.2
5:30,5266,4585,4957,23.98,20673,1,1,16,0.27,5829,5265,4584,4940,33.28,14845,659,736,922,47.43,1944,1,1,1,0.13,750,658,734,921,77.14,1194,0,0,12,0.83,1445,389,396,258,10.7,2412,0,0,0,0,1386,1224,964,904,18.17,4974,0,0,3,0.13,2248,2993,2489,2856,45.59,6265,155.66,174.01,212.92,90.22,236,0.44,0.4,0.43,0.17,250,0.37,0.44,0.31,0.12,250,0.36,0.45,0.34,0.14,250,89.95,145.02,178.25,96.61,184.5,137.48,144.31,197.89,94.23,210,63.81,83.31,103.66,74.84,138.5,148.38,165.98,213.89,80.84,264.6,62.65,21.72,14.69,9.17,160.2
5:45,5301,4612,4883,23.62,20673,8,9,11,0.19,5829,5293,4603,4872,32.82,14845,680,744,926,47.63,1944,8,9,7,0.93,750,672,736,919,76.97,1194,0,0,1,0.07,1445,388,389,249,10.32,2412,0,0,1,0.07,1386,1223,975,898,18.05,4974,0,0,3,0.13,2248,3010,2504,2806,44.79,6265,153.62,170.88,214.13,90.73,236,2.72,2.83,2.42,0.97,250,2.56,2.94,2.02,0.81,250,2.51,3.01,2.43,0.97,250,94.38,146.7,174.67,94.67,184.5,139.25,147.25,194.4,92.57,210,68.16,84.86,108.21,78.13,138.5,152.61,163.76,212.66,80.37,264.6,64.21,22.23,14.69,9.17,160.2
6:00,5347,5052,4817,23.29,20679,32,32,26,0.45,5829,5315,5020,4791,32.26,14851,715,874,942,48.31,1950,25,26,15,2,750,689,848,927,77.25,1200,5,5,7,0.48,1445,389,353,229,9.49,2412,1,1,1,0.07,1386,1221,989,900,18.09,4974,0,0,3,0.13,2248,3016,2830,2734,43.64,6265,147.82,192.03,213.18,90.33,236,8.29,8.62,4.31,1.72,250,8.52,8.87,4.64,1.86,250,8.54,8.65,6.15,2.46,250,99.9,166.57,174.22,94.43,184.5,143.83,174.92,193.49,92.14,210,73.95,113.02,123.42,85.41,144.5,157.51,183.58,208.37,78.75,264.6,66.19,18.12,14.69,9.17,160.2
6:15,5423,5148,4789,23.16,20679,86,89,74,1.27,5829,5337,5058,4714,31.74,14851,755,889,960,49.23,1950,46,48,32,4.27,750,709,842,929,77.42,1200,24,24,33,2.28,1445,392,353,203,8.42,2412,9,10,6,0.43,1386,1218,1040,882,17.73,4974,6,8,4,0.18,2248,3018,2824,2701,43.11,6265,142.78,189.47,210.37,89.14,236,14.63,15.5,10.08,4.03,250,15.29,15.96,10.28,4.11,250,16.32,16.4,11.41,4.56,250,107.12,166.06,174.36,94.5,184.5,148.6,172.73,188.94,89.97,210,79.58,113.43,125.36,86.75,144.5,161.98,180.92,214.87,81.21,264.6,69.04,19.01,14.69,9.17,160.2
6:30,5543,5264,4809,23.26,20679,192,205,158,2.71,5829,5351,5060,4652,31.32,14851,800,911,985,50.51,1950,72,77,57,7.6,750,728,834,928,77.33,1200,60,64,74,5.12,1445,392,353,164,6.8,2412,33,35,17,1.23,1386,1223,1051,840,16.89,4974,26,30,10,0.44,2248,3009,2822,2720,43.42,6265,142.66,185.71,211.47,89.61,236,22.7,25.02,17.93,7.17,250,23.89,25.83,19.03,7.61,250,25.21,26,20.13,8.05,250,112.29,163.75,174.61,94.64,184.5,151.7,172.11,192.43,91.63,210,85.5,114.74,121.27,83.92,144.5,165.02,177.2,213.53,80.7,264.6,71.05,20.22,14.69,9.17,160.2
6:45,5752,5439,4792,23.17,20679,351,370,235,4.03,5829,5402,5069,4557,30.68,14851,850,948,1011,51.85,1950,100,108,76,10.13,750,750,840,935,77.92,1200,108,115,105,7.27,1445,389,342,117,4.85,2412,77,77,33,2.38,1386,1253,1066,811,16.3,4974,67,70,22,0.98,2248,3009,2821,2693,42.98,6265,146.67,185.06,212.6,90.08,236,31.49,35.08,24.03,9.61,250,33.16,36.36,25.05,10.02,250,35.01,36.18,26.62,10.65,250,116.1,162.44,177.91,96.43,184.5,154.98,174.48,193.63,92.2,210,91.67,112.05,122,84.43,144.5,168.66,178.74,214.43,81.04,264.6,72.25,27.31,14.69,9.17,160.2
7:00,5968,5641,4850,23.45,20679,536,562,356,6.11,5829,5432,5079,4494,30.26,14851,898,970,1051,53.9,1950,129,139,108,14.4,750,769,832,943,78.58,1200,164,175,142,9.83,1445,396,343,89,3.69,2412,130,130,49,3.54,1386,1271,1076,826,16.61,4974,113,118,56,2.49,2248,2997,2828,2636,42.08,6265,150.13,179.38,213.88,90.63,236,40.92,45.48,36.21,14.48,250,43.14,47.02,35.6,14.24,250,44.95,46.18,35.86,14.34,250,118.91,161.44,177.85,96.4,184.5,159.59,173.69,195.42,93.06,210,96.98,113.41,126.83,87.77,144.5,170.88,175.94,214.66,81.13,264.6,72.39,27.9,14.69,9.17,160.2
7:15,6207,5864,4871,23.56,20679,729,766,529,9.08,5829,5477,5098,4343,29.24,14851,938,993,1113,57.08,1950,159,171,170,22.67,750,779,822,942,78.5,1200,224,238,189,13.08,1445,410,343,86,3.57,2412,187,187,67,4.83,1386,1290,1098,804,16.16,4974,160,170,102,4.54,2248,2998,2835,2510,40.06,6265,149.75,174.63,214,90.68,236,50.33,56.06,67.86,27.14,250,53.15,57.82,51.91,20.76,250,55.46,57,50.69,20.28,250,121.48,159.58,178.36,96.67,184.5,162.13,172.39,193.1,91.95,210,101.75,114.62,128.59,88.99,144.5,172.7,172.73,213.67,80.75,264.6,71.6,28.22,14.69,9.17,160.2
7:30,6460,5980,4938,23.88,20679,933,965,733,12.58,5829,5527,5016,4206,28.32,14851,984,1083,1156,59.28,1950,192,198,230,30.67,750,791,885,926,77.17,1200,285,302,235,16.26,1445,422,321,110,4.56,2412,247,242,100,7.22,1386,1322,1100,762,15.32,4974,209,222,167,7.43,2248,2993,2709,2408,38.44,6265,150.01,191.77,209.05,88.58,236,60.84,64.89,91.33,36.53,250,64.4,66.87,77.28,30.91,250,67.03,66.02,61.16,24.46,250,124.04,160.17,177.8,96.37,184.5,165.44,182.93,184.48,87.85,210,105.95,124.75,129.38,89.54,144.5,175.4,202.02,210.46,79.54,264.6,70.45,23.62,14.69,9.17,160.2
7:45,6703,6163,5127,24.79,20679,1138,1174,926,15.89,5829,5566,4989,4200,28.28,14851,1017,1109,1227,62.92,1950,227,231,317,42.27,750,790,878,910,75.83,1200,343,363,295,20.42,1445,428,291,113,4.68,2412,305,300,126,9.09,1386,1351,1111,758,15.24,4974,263,280,188,8.36,2248,2996,2709,2420,38.63,6265,146.64,188.8,202.69,85.89,236,71.65,75.82,119.33,47.73,250,75.94,78.09,95.88,38.35,250,78.97,76.97,102.19,40.88,250,122.13,159.09,178.31,96.64,184.5,166.04,181.13,175.95,83.79,210,110.29,124.33,128.34,88.82,144.5,175.69,200.29,209.77,79.28,264.6,69.2,24,14.69,9.17,160.2
8:00,6960,6392,5407,26.15,20679,1356,1393,1258,21.58,5829,5604,5000,4149,27.94,14851,1038,1131,1336,68.51,1950,259,263,442,58.93,750,780,868,894,74.5,1200,400,425,376,26.02,1445,432,287,109,4.52,2412,362,357,146,10.53,1386,1384,1132,742,14.92,4974,334,348,295,13.12,2248,3008,2713,2404,38.37,6265,142.86,184.96,201.5,85.38,236,81.86,86.51,141.92,56.77,250,86.74,89.07,144.75,57.9,250,90.22,87.69,155.07,62.03,250,117.55,156.95,177.56,96.24,184.5,164.05,179.14,173.48,82.61,210,113.11,125.53,117.54,81.34,144.5,174.42,196.95,209.22,79.07,264.6,67.62,24.63,14.69,9.17,160.2
8:15,7216,6615,5505,26.62,20679,1570,1607,1329,22.8,5829,5646,5008,4176,28.12,14851,1058,1152,1338,68.62,1950,290,295,435,58,750,767,858,902,75.17,1200,455,482,391,27.06,1445,433,283,115,4.77,2412,418,413,170,12.27,1386,1415,1155,713,14.33,4974,406,417,334,14.86,2248,3031,2713,2446,39.04,6265,139.11,181.21,208.55,88.37,236,92.11,97.09,138.59,55.44,250,97.53,99.95,140.02,56.01,250,100.86,97.66,156.82,62.73,250,112.5,153.68,178.18,96.57,184.5,164.32,176.87,180.47,85.94,210,113.31,127.13,108.44,75.04,144.5,172.57,193.53,212.03,80.13,264.6,65.58,25.17,14.69,9.17,160.2
8:30,7457,6875,5586,27.01,20679,1787,1809,1495,25.65,5829,5670,5065,4090,27.54,14851,1077,1161,1343,68.87,1950,321,323,439,58.53,750,756,838,904,75.33,1200,515,539,420,29.07,1445,426,279,116,4.81,2412,472,464,206,14.86,1386,1437,1186,691,13.89,4974,479,483,430,19.13,2248,3051,2762,2379,37.97,6265,135.87,177.58,208.31,88.27,236,102.04,106.55,151.36,60.54,250,107.98,109.77,142.37,56.95,250,111.19,106.52,145.58,58.23,250,107.82,153.02,177.93,96.44,184.5,162.8,175.11,181.58,86.47,210,114.01,124.67,108.22,74.89,144.5,169.81,179.26,212.94,80.48,264.6,65.95,28.41,14.69,9.17,160.2
8:45,7701,7094,5746,27.79,20679,1999,2010,1689,28.98,5829,5702,5084,4058,27.32,14851,1104,1180,1418,72.72,1950,351,351,449,59.87,750,752,829,970,80.83,1200,572,595,469,32.46,1445,419,274,120,4.98,2412,525,515,250,18.04,1386,1456,1212,696,13.99,4974,552,549,521,23.18,2248,3075,2768,2272,36.26,6265,133.7,172.68,210.49,89.19,236,111.77,115.96,162.4,64.96,250,118.24,119.55,153.18,61.27,250,121.29,115.34,133.05,53.22,250,107.14,151.81,176.22,95.51,184.5,159.66,173.04,186.17,88.65,210,115.32,125.52,105.83,73.24,144.5,170.16,177.18,214.3,80.99,264.6,66.3,29.23,76.82,47.95,160.2
9:00,7927,6988,6037,29.19,20679,2205,2195,1907,32.72,5829,5721,4793,4130,27.81,14851,1123,1297,1514,77.64,1950,381,422,498,66.4,750,742,875,1016,84.67,1200,624,601,565,39.1,1445,408,172,131,5.43,2412,575,567,262,18.9,1386,1478,1234,705,14.17,4974,626,605,581,25.85,2248,3093,2511,2278,36.36,6265,129.43,186.83,211.36,89.56,236,121.25,148.52,170.67,68.27,250,128.26,142.21,166.29,66.52,250,131.11,131.54,161,64.4,250,106.42,165.44,178.77,96.89,184.5,155.32,174.7,193.48,92.13,210,116.31,121.7,104.07,72.02,144.5,168.28,201.3,214.31,80.99,264.6,66.58,24.62,114.22,71.3,160.2
9:15,8131,7178,6309,30.51,20679,2401,2377,2117,36.32,5829,5730,4801,4192,28.23,14851,1146,1315,1598,81.95,1950,408,444,580,77.33,750,738,871,1018,84.83,1200,673,654,611,42.28,1445,398,174,139,5.76,2412,621,615,299,21.57,1386,1497,1246,709,14.25,4974,700,664,627,27.89,2248,3097,2509,2326,37.13,6265,128.73,185.08,211.52,89.63,236,130.47,156.19,190.85,76.34,250,137.99,149.49,192.78,77.11,250,139.65,138.15,196.1,78.44,250,105.73,164.81,178.14,96.55,184.5,152.89,173.8,194.87,92.8,210,117.36,122.51,105.93,73.31,144.5,166.32,200.22,213.77,80.79,264.6,66.79,24.9,114.24,71.31,160.2
9:30,8326,7411,6464,31.26,20679,2593,2557,2194,37.64,5829,5733,4854,4270,28.75,14851,1166,1330,1564,80.21,1950,429,465,551,73.47,750,737,865,1013,84.42,1200,727,704,658,45.54,1445,387,179,144,5.97,2412,663,660,339,24.46,1386,1516,1290,731,14.7,4974,774,729,647,28.78,2248,3092,2520,2382,38.02,6265,128.79,182.17,211.39,89.57,236,137.58,164.23,185.75,74.3,250,145.13,156.6,188.54,75.42,250,146.73,143.78,176.72,70.69,250,105.09,164.09,177.87,96.41,184.5,152.29,172.05,193.55,92.17,210,118.59,123.36,106.25,73.53,144.5,165.23,198.44,210.9,79.71,264.6,66.86,25.05,113.44,70.81,160.2
9:45,8513,7581,6765,32.71,20679,2781,2729,2396,41.1,5829,5731,4851,4369,29.42,14851,1182,1342,1607,82.41,1950,450,484,603,80.4,750,732,857,1004,83.67,1200,779,750,717,49.62,1445,376,184,134,5.56,2412,703,704,358,25.83,1386,1515,1286,752,15.12,4974,850,792,718,31.94,2248,3108,2524,2479,39.57,6265,128.95,179.26,210.83,89.33,236,144.51,171.15,191.52,76.61,250,152.01,163.58,202.77,81.11,250,153.13,149.59,208.99,83.6,250,110.63,163.41,177.11,95.99,184.5,150.29,169.5,192.85,91.83,210,112.53,123.88,107.53,74.42,144.5,163.24,195.84,202.33,76.47,264.6,66.81,25.42,113.15,70.63,160.2
10:00,8653,7775,6898,33.42,20643,2920,2877,2487,42.89,5799,5733,4898,4411,29.71,14845,1205,1349,1645,85.95,1914,469,492,637,88.47,720,736,857,1008,84.42,1194,823,794,777,53.77,1445,368,200,141,5.85,2412,739,744,354,25.54,1386,1515,1283,761,15.3,4974,889,847,718,31.94,2248,3115,2558,2501,39.92,6265,129.56,179.4,211.61,92.81,228,150.78,173.1,195.09,88.68,220,158.59,166.77,215.77,86.31,250,159.29,152.18,226.18,90.47,250,117.45,163.08,176.05,95.42,184.5,148.41,166.53,194.36,92.55,210,113.61,124.83,108.51,75.09,144.5,160.46,193.46,204.59,77.32,264.6,66.48,29.38,113.28,69.84,162.2
10:15,8772,7919,6863,33.28,20619,3029,3009,2415,41.65,5799,5743,4910,4447,30,14821,1225,1356,1635,86.51,1890,483,507,618,85.83,720,742,849,1017,86.92,1170,851,827,780,53.98,1445,362,201,134,5.56,2412,772,778,364,26.26,1386,1514,1286,761,15.3,4974,923,897,654,29.09,2248,3125,2574,2536,40.48,6265,130.51,176.62,213.29,93.55,228,154.67,177.76,181.85,82.66,220,163.8,172.08,210.97,84.39,250,164.9,157.06,224.91,89.96,250,124.15,162.52,173.99,94.3,184.5,146.83,164.34,199.76,95.12,210,114.74,125.2,108.06,89.68,120.5,158.29,190.23,208.46,78.78,264.6,67.01,30.17,113.41,69.92,162.2
10:30,8875,7800,6780,32.88,20619,3131,3213,2384,41.11,5799,5744,4587,4396,29.66,14821,1248,1546,1648,87.2,1890,500,608,644,89.44,720,747,938,1005,85.9,1170,880,878,769,53.22,1445,359,170,116,4.81,2412,801,709,407,29.37,1386,1509,1050,768,15.44,4974,950,1019,564,25.09,2248,3128,2428,2507,40.02,6265,132.04,192.62,211.99,92.98,228,159.27,200.35,187.62,85.28,220,170.15,208.68,228.67,91.47,250,170.85,198.54,227.31,90.92,250,127.77,163.5,175.25,94.99,184.5,145.66,175.61,188.35,89.69,210,117.27,110.92,107.18,88.95,120.5,157.48,198.34,209.21,79.07,264.6,67.03,97.31,112.87,69.59,162.2
10:45,8953,7926,6816,33.06,20619,3227,3329,2491,42.96,5799,5727,4597,4325,29.18,14821,1257,1545,1606,84.97,1890,514,618,621,86.25,720,743,927,985,84.19,1170,910,900,754,52.18,1445,356,174,96,3.98,2412,829,736,402,29,1386,1516,1058,807,16.22,4974,975,1075,713,31.72,2248,3113,2438,2437,38.9,6265,133.19,189.66,211.76,92.88,228,163.75,205.24,183.46,83.39,220,174.96,210.87,229.22,91.69,250,175.15,201.68,208.61,83.44,250,128.83,162.1,177.62,96.27,184.5,142.27,173.57,166.86,79.46,210,117.53,111.01,103.83,86.17,120.5,153.9,194.8,212.18,80.19,264.6,67.06,96.14,112.81,69.55,162.2
11:00,9040,8051,6879,33.36,20619,3330,3425,2638,45.49,5799,5709,4626,4241,28.61,14821,1257,1533,1573,83.23,1890,520,618,648,90,720,738,915,925,79.06,1170,937,926,796,55.09,1445,353,180,87,3.61,2412,855,763,436,31.46,1386,1521,1073,827,16.63,4974,1019,1117,758,33.72,2248,3097,2458,2402,38.34,6265,134.1,185.73,215.37,94.46,228,165.88,205.57,190.8,86.73,220,177.18,210.88,234.04,93.62,250,176.45,201.74,223.61,89.44,250,129.17,158.76,177.29,96.09,184.5,140.08,171.28,108.59,51.71,210,117.13,111.29,96.78,80.32,120.5,149.56,191.64,214.04,80.89,264.6,67.7,96.29,112.97,69.65,162.2
11:15,9106,8231,6804,33,20619,3419,3499,2617,45.13,5799,5687,4732,4187,28.25,14821,1254,1537,1549,81.96,1890,523,617,610,84.72,720,731,921,940,80.34,1170,959,953,825,57.09,1445,353,186,80,3.32,2412,875,786,428,30.88,1386,1528,1113,827,16.63,4974,1062,1143,755,33.59,2248,3075,2513,2340,37.35,6265,134.49,185.17,214.5,94.08,228,166.78,205.11,186.43,84.74,220,178.84,210.47,222.74,89.1,250,177.32,200.99,200.5,80.2,250,129.24,157.16,177.85,96.4,184.5,137.81,172.71,121.07,57.65,210,116.63,114.71,99.68,82.72,120.5,144.35,192.07,214.33,81,264.6,68.43,98.92,112.39,69.29,162.2
11:30,9184,8279,6699,32.49,20619,3493,3533,2779,47.92,5799,5692,4746,3920,26.45,14821,1242,1514,1585,83.86,1890,517,607,630,87.5,720,725,907,955,81.62,1170,983,966,801,55.43,1445,352,191,73,3.03,2412,888,799,458,33.04,1386,1536,1125,594,11.94,4974,1105,1160,890,39.59,2248,3078,2523,2299,36.7,6265,134.65,181.29,213.9,93.82,228,165.13,202.13,173.66,78.94,220,177.81,207.2,239.27,95.71,250,174.07,197.63,216.59,86.64,250,129.12,156.35,146.43,79.37,184.5,134.1,169.49,166.79,79.42,210,116.7,114.38,100.83,83.68,120.5,140.78,187.76,213.51,80.69,264.6,70,97.77,113.54,70,162.2
11:45,9271,8308,6669,32.34,20619,3556,3541,2796,48.22,5799,5715,4767,3873,26.13,14821,1235,1487,1649,87.25,1890,507,589,652,90.56,720,728,898,997,85.21,1170,1004,973,785,54.33,1445,350,206,77,3.19,2412,900,809,410,29.58,1386,1550,1133,467,9.39,4974,1146,1170,948,42.17,2248,3086,2531,2332,37.22,6265,137.41,178.4,214.21,93.95,228,161.34,196.89,186.74,84.88,220,174.99,201.38,242.29,96.92,250,170.22,190.95,223.45,89.38,250,128.82,156.11,174,94.31,184.5,132.54,167.43,181.31,86.34,210,116.84,114.27,101.04,83.85,120.5,141.01,184.75,212.26,80.22,264.6,71.71,96.77,113.93,70.24,162.2
12:00,9333,8117,6615,32.07,20629,3595,3409,2730,47.08,5799,5737,4708,3885,26.2,14831,1228,1488,1595,83.95,1900,499,561,604,83.89,720,729,927,991,83.98,1180,1010,943,747,51.7,1445,349,154,73,3.03,2412,912,819,400,28.86,1386,1561,1138,452,9.09,4974,1175,1086,980,43.59,2248,3098,2489,2369,37.81,6265,140.75,189.44,213.54,93.66,228,158.85,171.7,178.55,81.16,220,171.95,199.79,231.89,92.76,250,167.98,189.57,193.86,77.54,250,128.24,160.6,164.62,89.22,184.5,131.42,164.97,181.9,81.72,222.6,117.36,108.48,101.55,86.06,118,137.48,196.12,212.1,80.16,264.6,73.67,107.64,116.97,72.11,162.2
12:15,9342,8139,6371,30.88,20629,3595,3415,2430,41.9,5799,5747,4725,3941,26.57,14831,1220,1474,1555,81.84,1900,493,552,567,78.75,720,726,922,989,83.81,1180,1006,942,716,49.55,1445,349,162,71,2.94,2412,905,820,354,25.54,1386,1572,1159,500,10.05,4974,1191,1101,794,35.32,2248,3100,2482,2382,38.02,6265,144.38,187.47,213.18,93.5,228,155.99,169.46,151.79,69,220,168.51,196.61,212.7,85.08,250,168.84,186.23,202.07,80.83,250,127.53,160.49,163.69,88.72,184.5,129.91,164.41,181.25,81.42,222.6,116.56,108.53,98.39,83.38,118,134.22,195.03,216.99,82.01,264.6,73.86,106.18,115.04,70.92,162.2
12:30,9332,8124,6581,31.9,20629,3564,3371,2460,42.42,5799,5769,4753,4120,27.78,14831,1204,1422,1553,81.74,1900,480,513,550,76.39,720,724,909,1002,84.92,1180,982,944,687,47.54,1445,350,171,68,2.82,2412,894,822,355,25.61,1386,1581,1171,599,12.04,4974,1208,1092,868,38.61,2248,3113,2501,2452,39.14,6265,149.23,182.08,213.63,93.7,228,151.51,158.28,177.87,80.85,220,163.75,183.05,185.18,74.07,250,164.53,171.7,187.33,74.93,250,126.82,158.18,173.29,93.92,184.5,128.79,162.53,181.68,81.62,222.6,114.55,108.66,101.69,86.18,118,131.26,192.47,216.03,81.64,264.6,73.34,104.82,116.08,71.57,162.2
12:45,9300,8091,6660,32.28,20629,3514,3322,2506,43.21,5799,5786,4769,4155,28.02,14831,1186,1365,1557,81.95,1900,451,471,551,76.53,720,735,894,1006,85.25,1180,961,946,585,40.48,1445,351,178,64,2.65,2412,878,825,365,26.33,1386,1594,1184,642,12.91,4974,1223,1080,1006,44.75,2248,3107,2513,2443,38.99,6265,154.02,176.44,210.26,92.22,228,142.52,146.17,168.68,76.67,220,148.59,167.76,179.55,71.82,250,159.68,157.46,202.8,81.12,250,126.54,156.04,172.38,93.43,184.5,130.14,159.73,182.31,81.9,222.6,115.43,108.99,104.34,88.42,118,134.46,189.04,216.12,81.68,264.6,74.4,103.38,120.96,74.57,162.2
13:00,9247,8137,6820,33.06,20629,3452,3287,2648,45.66,5799,5796,4850,4172,28.13,14831,1198,1345,1544,81.26,1900,452,450,537,74.58,720,745,896,1007,85.34,1180,956,939,649,44.91,1445,351,195,64,2.65,2412,859,816,455,32.83,1386,1602,1194,614,12.34,4974,1184,1083,1007,44.8,2248,3097,2565,2487,39.7,6265,156.91,176.58,210.95,92.52,228,143.86,139.88,143.4,65.18,220,151.03,160.02,188.71,75.48,250,157.49,149.67,204.73,81.89,250,126.21,156.49,170.17,92.23,184.5,131.72,159.77,182.48,81.98,222.6,116.35,111.77,102.55,86.91,118,138.03,188.98,216.96,82,264.6,75.92,102.22,123.64,76.23,162.2
13:15,9210,8113,6826,33.09,20629,3402,3248,2696,46.49,5799,5808,4865,4130,27.85,14831,1206,1315,1554,81.79,1900,452,430,555,77.08,720,754,885,999,84.66,1180,956,930,609,42.15,1445,350,201,72,2.99,2412,847,816,523,37.73,1386,1616,1204,621,12.48,4974,1147,1072,1009,44.88,2248,3088,2574,2439,38.93,6265,157.66,173.4,212.75,93.31,228,142.45,135.51,161.13,73.24,220,155.2,151.07,190.7,76.28,250,154.36,143.5,203.34,81.34,250,125.87,155.73,169.22,91.72,184.5,133.8,157.67,184.05,82.68,222.6,117.07,111.86,101.7,86.19,118,142.07,186.33,207.03,78.24,264.6,77.43,100.4,123.96,76.42,162.2
13:30,9130,7628,6693,32.41,20651,3297,3160,2519,43.44,5799,5833,4468,4173,28.1,14853,1191,1383,1507,78.41,1922,424,464,501,69.58,720,766,918,1005,83.61,1202,936,906,663,45.88,1445,350,195,80,3.32,2412,826,734,458,33.04,1386,1634,903,641,12.89,4974,1111,1055,896,39.86,2248,3083,2452,2448,39.07,6265,158.12,184.59,211.94,92.96,228,134.56,134.11,165.88,75.4,220,141.95,172.15,141.35,56.54,250,147.91,158.12,194.13,77.65,250,125.55,158.16,167.66,90.87,184.5,136.39,163.93,186.25,83.67,222.6,120.76,107.05,97.57,69.69,140,146.59,194.89,215.23,81.34,264.6,78.72,109.86,126.5,77.99,162.2
13:45,9076,7552,6681,32.31,20681,3187,3080,2387,40.95,5829,5889,4471,4294,28.91,14853,1176,1364,1413,72.39,1952,401,456,419,55.87,750,774,908,994,82.7,1202,912,885,592,40.97,1445,351,199,83,3.44,2412,805,727,475,34.27,1386,1645,911,696,13.99,4974,1069,1012,902,40.12,2248,3119,2453,2520,40.22,6265,159.13,180.16,212.16,93.05,228,126.81,131.33,139.17,55.67,250,133.71,167.84,124.73,49.89,250,140.9,156.93,155.1,62.04,250,125.15,156.66,171,92.68,184.5,141.2,164.7,184.83,83.03,222.6,119.47,107.43,95.79,68.42,140,150.28,190.66,205.7,77.74,264.6,79.28,108.12,124.83,76.96,162.2
14:00,9075,7602,6569,31.75,20689,3131,3003,2169,37.21,5829,5945,4599,4400,29.61,14861,1158,1343,1373,70.05,1960,371,443,374,49.87,750,787,900,999,82.56,1210,892,866,575,39.79,1445,355,206,90,3.73,2412,785,709,396,28.57,1386,1653,939,752,15.12,4974,1082,985,824,36.65,2248,3150,2555,2558,40.83,6265,162.66,174.62,211.98,89.82,236,114.73,127.55,126.81,50.72,250,120.64,162.42,130.36,52.14,250,135.68,153.24,116.96,46.78,250,124.71,161.08,168.14,91.13,184.5,146.61,162.93,186.98,84,222.6,117.99,108.11,93.06,66.47,140,154.87,186.63,213.95,80.86,264.6,79.78,106.35,124.63,76.84,162.2
14:15,9064,7548,6600,31.9,20687,3066,2925,2144,36.78,5829,5998,4623,4456,29.99,14859,1146,1317,1339,68.39,1958,348,430,346,46.13,750,797,887,993,82.2,1208,866,830,630,43.6,1445,360,209,93,3.86,2412,761,689,374,26.98,1386,1663,960,766,15.4,4974,1092,976,794,35.32,2248,3178,2567,2605,41.58,6265,163.8,168.63,209.75,88.88,236,107.24,124.91,139.53,55.81,250,112.96,158.46,134.29,53.72,250,128.15,146.81,72.21,28.88,250,124.29,162.89,165.05,89.46,184.5,152.25,160.42,186.26,83.67,222.6,116.51,107.91,90.83,64.88,140,160.38,182.11,213.88,80.83,264.6,80.1,104.7,127.49,79.58,160.2
14:30,9032,7514,6816,32.99,20659,2987,2864,2225,38.17,5829,6045,4650,4591,30.96,14831,1142,1294,1332,69.02,1930,332,418,334,44.53,750,809,876,999,84.66,1180,827,792,732,50.66,1445,361,214,105,4.35,2412,731,666,347,25.04,1386,1669,984,809,16.26,4974,1097,988,813,36.17,2248,3206,2577,2678,42.75,6265,165.43,166.85,207.5,87.92,236,102.37,123.8,123.63,49.45,250,108.22,154.02,128.98,51.59,250,121.79,140.66,80.99,32.4,250,124.33,163.26,166.85,90.43,184.5,157.79,157.72,186.25,83.67,222.6,115.08,107.04,90.95,81.21,112,166.59,178.31,215.96,81.62,264.6,80,102.45,131.12,81.85,160.2
14:45,8954,7494,6818,33,20659,2882,2786,2203,37.79,5829,6072,4708,4616,31.12,14831,1120,1283,1415,73.32,1930,304,403,413,55.07,750,816,881,1003,85,1180,783,745,679,46.99,1445,358,221,124,5.14,2412,698,644,315,22.73,1386,1684,1024,808,16.24,4974,1097,994,796,35.41,2248,3215,2583,2681,42.79,6265,166,170.81,204.95,86.84,236,96.72,121.81,160.15,64.06,250,102.55,148,128.83,51.53,250,105,133.12,123.92,49.57,250,124.46,164.5,171.61,93.01,184.5,159.29,158.19,186.96,83.99,222.6,118.06,108.15,89.22,79.66,112,167.93,178.95,216.6,81.86,264.6,80.33,99.92,133.2,83.15,160.2
15:00,8846,7341,6519,31.56,20659,2747,2568,1919,32.92,5829,6099,4773,4600,31.02,14831,1104,1320,1263,65.44,1930,281,355,258,34.4,750,823,965,1006,85.25,1180,741,669,642,44.43,1445,354,158,141,5.85,2412,667,616,314,22.66,1386,1694,1042,750,15.08,4974,1058,927,705,31.36,2248,3228,2609,2704,43.16,6265,166.62,194.91,206.77,87.61,236,85.59,120.13,80.36,32.14,250,90.26,118.5,83.75,33.5,250,105.19,116.45,93.53,37.41,250,124.55,167.37,168.04,91.08,184.5,160.34,178.11,184.29,82.79,222.6,122.4,103.16,94.17,84.08,112,169.25,206.74,215.97,81.62,264.6,80.28,114.36,136.41,85.15,160.2
15:15,8707,7233,6501,31.47,20659,2599,2438,1804,30.95,5829,6107,4795,4696,31.66,14831,1088,1285,1271,65.85,1930,260,333,252,33.6,750,828,952,1020,86.44,1180,698,634,556,38.48,1445,349,175,145,6.01,2412,627,585,287,20.71,1386,1703,1063,827,16.63,4974,1015,886,709,31.54,2248,3227,2605,2704,43.16,6265,167.35,192.01,203.98,86.43,236,78.57,113.06,57.08,22.83,250,82.91,109.82,100.34,40.14,250,98.76,110.12,94.21,37.68,250,124.58,166.03,167.9,91,184.5,161.52,175.77,184.01,82.66,222.6,123.12,102.12,102.24,91.29,112,171.14,204.26,217.5,82.2,264.6,80.16,112.14,144,89.89,160.2
15:30,8600,7139,6656,32.22,20659,2484,2317,1887,32.37,5829,6116,4822,4769,32.16,14831,1102,1254,1344,69.64,1930,270,317,315,42,750,832,937,1029,87.2,1180,661,599,527,36.47,1445,347,194,156,6.47,2412,587,551,310,22.37,1386,1710,1084,918,18.46,4974,965,850,735,32.7,2248,3227,2607,2667,42.57,6265,168.11,187.84,202.22,85.69,236,86.48,107.91,97.84,39.14,250,92.96,103.56,138.13,55.25,250,90.82,105.25,78.9,31.56,250,124.63,163.46,168.69,91.43,184.5,162.82,174.21,184.18,82.74,222.6,123.45,100.45,108.82,97.16,112,173.04,201.33,219.66,83.02,264.6,79.94,109.99,145.79,91,160.2
15:45,8431,7045,6869,33.25,20659,2325,2181,2015,34.57,5829,6106,4864,4854,32.73,14831,1082,1220,1324,68.6,1930,246,298,307,40.93,750,836,922,1017,86.19,1180,627,557,499,34.53,1445,344,208,161,6.67,2412,544,516,357,25.76,1386,1710,1133,989,19.88,4974,908,810,853,37.94,2248,3216,2601,2688,42.91,6265,168.45,184.9,199.05,84.34,236,78.38,102.82,91.68,36.67,250,84.58,95.42,103.35,41.34,250,82.89,99.78,111.83,44.73,250,125.19,161.05,163.3,88.51,184.5,163.35,171.48,184.01,82.66,222.6,125.34,99.2,104.36,93.18,112,173.52,197.15,219.53,82.97,264.6,80.38,107.75,146.81,91.64,160.2
16:00,8239,6953,6746,32.65,20659,2148,2007,1830,31.39,5829,6091,4946,4917,33.15,14831,1066,1194,1286,66.63,1930,226,268,295,39.33,750,840,926,991,83.98,1180,585,513,451,31.21,1445,343,239,176,7.3,2412,498,478,369,26.62,1386,1712,1144,1107,22.26,4974,839,748,715,31.81,2248,3197,2637,2642,42.17,6265,168.74,187.9,193.84,82.14,236,71.59,91,108.88,43.55,250,77.66,86.26,109.11,43.64,250,76.52,90.86,76.77,30.71,250,125.74,161.89,159.91,86.67,184.5,164.02,173.53,180.31,81,222.6,126.86,100.07,97.23,86.81,112,173.68,197.64,217.86,82.34,264.6,80.73,104.7,142.06,88.68,160.2
16:15,8018,6786,6377,30.87,20659,1939,1828,1536,26.35,5829,6079,4958,4841,32.64,14831,1037,1150,1195,61.92,1930,193,236,226,30.13,750,844,914,968,82.03,1180,528,472,442,30.59,1445,342,250,181,7.5,2412,455,439,320,23.09,1386,1712,1159,1126,22.64,4974,763,681,547,24.33,2248,3182,2636,2566,40.96,6265,168.95,186.39,191.55,81.17,236,59.87,80.03,54.9,21.96,250,65.08,76.31,45.02,18.01,250,68,79.44,126.36,50.54,250,126.18,161.2,163.95,88.86,184.5,164.86,170.92,174.69,78.48,222.6,128.35,99.05,87.57,78.19,112,174.32,194.84,213.98,80.87,264.6,80.96,101.6,136.52,85.22,160.2
16:30,7777,6581,6439,31.15,20673,1734,1632,1586,27.21,5829,6043,4949,4853,32.69,14845,1004,1163,1273,65.48,1944,159,200,321,42.8,750,845,964,952,79.73,1194,475,453,439,30.38,1445,338,213,186,7.71,2412,412,365,292,21.07,1386,1706,1061,1175,23.62,4974,687,614,534,23.75,2248,3153,2711,2541,40.56,6265,169.08,189.14,188.23,79.76,236,48.5,68.64,85.11,34.04,250,52.2,67.32,84.55,33.82,250,58.67,63.65,151.71,60.68,250,126.45,162.06,175.43,95.08,184.5,165.37,173.14,170.24,76.48,222.6,127.77,101.32,78.47,62.28,126,175.23,210.79,205.33,77.6,264.6,81.02,127.4,134.11,83.71,160.2
16:45,7549,6404,6454,31.22,20673,1553,1448,1529,26.23,5829,5996,4956,4925,33.18,14845,997,1125,1305,67.13,1944,149,174,372,49.6,750,848,951,933,78.14,1194,425,397,381,26.37,1445,333,230,206,8.54,2412,369,326,243,17.53,1386,1696,1070,1217,24.47,4974,611,552,534,23.75,2248,3119,2706,2568,40.99,6265,168.87,186.41,192.49,81.56,236,47.35,60.61,118.96,47.58,250,52.08,58.6,127.58,51.03,250,49.15,54.32,125.28,50.11,250,126.81,160.72,171.9,93.17,184.5,166.92,169.63,171.09,76.86,222.6,126.55,101.84,69.5,55.16,126,178.71,207.54,201.1,76,264.6,80.46,124.87,127.28,79.45,160.2
17:00,7288,6198,6457,31.23,20673,1352,1253,1403,24.07,5829,5936,4945,5054,34.05,14845,973,1076,1236,63.58,1944,123,142,322,42.93,750,850,934,914,76.55,1194,372,340,284,19.65,1445,331,246,235,9.74,2412,320,281,220,15.87,1386,1680,1078,1268,25.49,4974,538,489,577,25.67,2248,3074,2686,2637,42.09,6265,168.33,183.39,195.69,82.92,236,39.05,50.55,115.13,46.05,250,43.32,48.27,106.62,42.65,250,40.34,43.52,100.17,40.07,250,126.95,158.45,173.83,94.22,184.5,168.79,165.76,179.03,80.43,222.6,124.64,101.22,61.37,48.71,126,181.94,203.12,196.76,74.36,264.6,79.61,122.21,106.95,66.76,160.2
17:15,7029,5990,6283,30.39,20673,1150,1057,1133,19.44,5829,5880,4932,5150,34.69,14845,949,1032,1141,58.69,1944,98,116,261,34.8,750,851,917,880,73.7,1194,317,287,232,16.06,1445,330,260,265,10.99,2412,269,234,192,13.85,1386,1663,1083,1271,25.55,4974,465,421,448,19.93,2248,3035,2673,2734,43.64,6265,168.26,180.68,192.11,81.4,236,30.86,42.04,98.33,39.33,250,34.43,38.89,76.35,30.54,250,32.99,34.7,86.56,34.62,250,126.86,155.14,171.06,92.72,184.5,170.59,162.35,175.26,78.73,222.6,121.57,100.27,51.85,41.15,126,184.81,198.79,195.01,73.7,264.6,78.62,119.33,94.83,59.19,160.2
17:30,6774,5840,5968,28.87,20675,969,880,926,15.89,5829,5806,4961,5043,33.97,14847,932,1010,1044,53.65,1946,81,91,206,27.47,750,851,919,838,70.07,1196,263,238,188,13.01,1445,333,288,278,11.53,2412,227,192,167,12.05,1386,1634,1105,1207,24.27,4974,397,359,364,16.19,2248,2988,2648,2720,43.42,6265,168.6,175.7,178.73,75.73,236,25.31,33.24,74.9,29.96,250,28.48,30.5,61.49,24.6,250,27.17,27.1,69.75,27.9,250,126.37,156.56,162.53,88.09,184.5,172.61,164.95,163.6,73.5,222.6,117.64,103.6,50.02,39.7,126,187.82,200.06,191.71,72.45,264.6,77.73,118.02,91.23,56.25,162.2
17:45,6489,5601,5575,26.96,20675,784,703,674,11.56,5829,5705,4898,4900,33,14847,909,968,936,48.1,1946,63,66,147,19.6,750,846,902,789,65.97,1196,210,190,141,9.76,1445,337,292,232,9.62,2412,182,152,131,9.45,1386,1587,1088,1211,24.35,4974,330,296,255,11.34,2248,2935,2616,2668,42.59,6265,167.87,172.19,161.69,68.51,236,19.49,24.17,50.65,20.26,250,22.17,21.96,36.5,14.6,250,20.88,19.4,60.11,24.04,250,125.54,155.95,158.16,85.72,184.5,172.53,161.39,161.99,72.77,222.6,115.29,102.07,52.78,41.89,126,187.6,195.66,162.81,61.53,264.6,77.24,114.86,91.52,56.42,162.2
18:00,6179,5413,5119,24.75,20679,581,490,504,8.65,5829,5598,4923,4615,31.08,14850,882,938,870,44.64,1949,40,45,117,15.6,750,841,893,752,62.72,1199,153,127,102,7.06,1445,344,241,204,8.46,2412,130,107,111,8.01,1386,1535,1065,1110,22.32,4974,258,212,173,7.7,2248,2879,2724,2549,40.69,6265,167.05,176.42,151.89,64.36,236,12.48,13.69,36.63,14.65,250,14.09,14.87,34.39,13.76,250,13.84,16.1,46.12,18.45,250,124.97,160.23,160.95,87.24,184.5,172.45,161.2,152.44,68.48,222.6,112.72,81.82,61.01,47.11,129.5,187.37,196.4,136.19,51.47,264.6,76.7,117.31,89.95,55.46,162.2
18:15,5870,5180,4813,23.27,20679,388,329,386,6.62,5829,5483,4851,4427,29.81,14850,856,903,839,43.05,1949,20,24,97,12.93,750,836,879,743,61.97,1199,99,84,65,4.5,1445,353,248,176,7.3,2412,80,67,89,6.42,1386,1478,1042,1059,21.29,4974,188,154,135,6.01,2248,2815,2682,2449,39.09,6265,165.91,172.38,151.29,64.11,236,6.25,7.01,31.28,12.51,250,6.97,8.31,29.62,11.85,250,6.87,8.82,35.67,14.27,250,124.57,159.22,155.75,84.42,184.5,172.35,158.56,150.94,67.81,222.6,110.27,80.44,58.27,45,129.5,187.13,192.96,133.82,50.57,264.6,76.06,115.08,92.48,57.02,162.2
18:30,5574,4984,4547,21.98,20685,223,193,255,4.37,5829,5351,4791,4292,28.89,14856,841,867,761,38.93,1955,7,8,40,5.33,750,834,859,721,59.83,1205,54,46,39,2.7,1445,359,258,157,6.51,2412,39,37,74,5.34,1386,1417,1047,1029,20.69,4974,122,101,102,4.54,2248,2741,2627,2386,38.08,6265,164.36,168.46,144.9,61.4,236,2.3,2.06,12.95,5.18,250,2.57,2.69,13.06,5.22,250,2.54,3.19,13.87,5.55,250,124.2,158.46,146.51,79.41,184.5,172.22,154.53,146.51,65.82,222.6,110.03,78.06,56.09,41.39,135.5,187.32,187.48,132.88,50.22,264.6,75.38,112.43,94.05,57.98,162.2
18:45,5290,4807,4349,21.02,20685,99,93,146,2.5,5829,5191,4714,4204,28.3,14856,820,844,735,37.6,1955,0,2,2,0.27,750,820,843,733,60.83,1205,20,20,16,1.11,1445,359,268,164,6.8,2412,11,15,65,4.69,1386,1347,1021,1003,20.16,4974,68,56,63,2.8,2248,2665,2582,2303,36.76,6265,164.8,164.16,156.13,66.16,236,0,0.3,0.41,0.16,250,0.01,0.55,0.79,0.32,250,0.01,0.9,0.71,0.28,250,123.71,158.49,138.86,75.26,184.5,171.42,150.69,157.07,70.56,222.6,100.94,77.46,53.17,39.24,135.5,187.14,182.02,138.53,52.35,264.6,71.92,109.87,89.73,55.32,162.2
19:00,5056,4678,4272,20.65,20685,31,33,91,1.56,5829,5025,4645,4181,28.14,14856,808,829,767,39.23,1955,0,2,0,0,750,808,827,767,63.65,1205,2,4,3,0.21,1445,361,291,178,7.38,2412,0,4,55,3.97,1386,1280,990,1028,20.67,4974,29,23,32,1.42,2248,2576,2537,2208,35.24,6265,165.06,158.18,170.8,72.37,236,0,0.21,0,0,250,0,0.33,0,0,250,0,1.12,0,0,250,123.21,154.49,130.65,70.81,184.5,170.57,148.09,174.27,78.29,222.6,93.8,80.78,56.05,41.37,135.5,186.56,180.81,149.45,56.48,264.6,68.45,104.77,85.63,52.79,162.2
19:15,4884,4572,4220,20.4,20685,3,7,51,0.87,5829,4881,4565,4169,28.06,14856,795,815,797,40.77,1955,0,0,0,0,750,795,815,797,66.14,1205,0,2,1,0.07,1445,371,302,179,7.42,2412,0,1,34,2.45,1386,1222,959,1022,20.55,4974,3,3,15,0.67,2248,2493,2488,2170,34.64,6265,164.03,154.56,181.16,76.76,236,0,0,0,0,250,0,0,0,0,250,0,0,0,0,250,122.87,154.15,108.05,58.56,184.5,169.71,145.57,191.85,86.19,222.6,87.44,80.23,55.28,40.8,135.5,185.43,177.79,170.6,64.47,264.6,65.23,102.72,89.86,55.4,162.2
19:30,4739,4562,4024,22.01,18281,0,2,37,0.94,3956,4739,4561,3987,27.83,14325,783,746,760,38.87,1955,0,0,0,0,750,783,746,760,63.07,1205,0,0,0,0,1445,381,298,169,7.01,2412,0,0,29,2.09,1386,1163,1092,961,19.32,4974,0,2,8,2.13,375,2412,2425,2096,36.55,5734,164.5,144.3,177.38,75.16,236,0,0,0,0,250,0,0,0,0,250,0,0,0,0,250,122.51,156.76,106.21,57.57,184.5,168.68,144.68,193,86.7,222.6,81.78,70.04,41.27,30.46,135.5,183.58,145.14,158.49,59.9,264.6,62.29,85,83.45,51.45,162.2
19:45,4669,4496,3838,20.99,18281,0,0,32,0.81,3956,4669,4496,3806,26.57,14325,778,733,722,36.93,1955,0,0,0,0,750,778,733,722,59.92,1205,0,0,0,0,1445,391,304,157,6.51,2412,0,0,28,2.02,1386,1135,1073,910,18.3,4974,0,0,4,1.07,375,2364,2386,2017,35.18,5734,163.47,140.16,169.23,71.71,236,0,0,0,0,250,0,0,0,0,250,0,0,0,0,250,121.58,155.57,111.9,60.65,184.5,167.23,140.31,176.45,79.27,222.6,81.52,71.05,32.54,24.01,135.5,181.65,142.1,153.41,57.98,264.6,62.53,83.57,78.29,48.27,162.2
20:00,4609,4438,3694,20.21,18281,0,0,27,0.68,3956,4609,4438,3667,25.6,14325,773,718,706,36.11,1955,0,0,0,0,750,773,718,706,58.59,1205,0,0,0,0,1445,400,313,162,6.72,2412,0,0,23,1.66,1386,1109,1055,808,16.24,4974,0,0,3,0.8,375,2327,2351,1991,34.72,5734,163.14,136.88,149.38,63.3,236,0,0,0,0,250,0,0,0,0,250,0,0,0,0,250,120.72,153.02,132.97,72.07,184.5,165.77,136.6,156.53,70.32,222.6,80.98,72.37,38.2,28.19,135.5,179.83,137.75,157.28,59.44,264.6,62.68,81.83,71.91,44.33,162.2
20:15,4564,4382,3568,19.52,18281,0,0,18,0.46,3956,4564,4382,3550,24.78,14325,771,705,705,36.06,1955,0,0,0,0,750,771,705,705,58.51,1205,0,0,0,0,1445,415,317,211,8.75,2412,0,0,14,1.01,1386,1082,1039,748,15.04,4974,0,0,3,0.8,375,2297,2321,1886,32.89,5734,165.12,133.39,137.79,58.39,236,0,0,0,0,250,0,0,0,0,250,0,0,0,0,250,119.96,151.91,133.52,72.37,184.5,164.39,132.7,160.5,72.1,222.6,80.29,73.93,46.86,34.58,135.5,178.12,132.96,156.47,59.13,264.6,62.75,79.95,69.91,43.1,162.2
20:30,4525,4339,3554,19.44,18281,0,0,18,0.46,3956,4525,4339,3536,24.68,14325,766,703,724,37.03,1955,0,0,0,0,750,766,703,724,60.08,1205,0,0,0,0,1445,433,332,258,10.7,2412,0,0,14,1.01,1386,1059,1000,717,14.41,4974,0,0,3,0.8,375,2267,2304,1838,32.05,5734,164.72,128.78,134.25,56.89,236,0,0,0,0,250,0,0,0,0,250,0,0,0,0,250,119.9,152.02,128.1,69.43,184.5,162.73,129.47,164.22,73.77,222.6,79.46,76.33,51.1,37.71,135.5,176.28,134.58,169.14,63.92,264.6,62.87,81.75,76.96,47.45,162.2
20:45,4508,4319,3562,19.48,18281,0,0,18,0.46,3956,4508,4319,3545,24.75,14325,753,698,752,38.47,1955,0,0,0,0,750,753,698,752,62.41,1205,0,0,0,0,1445,447,348,304,12.6,2412,0,0,14,1.01,1386,1045,984,718,14.44,4974,0,0,3,0.8,375,2264,2290,1770,30.87,5734,164.48,128.34,146.69,62.16,236,0,0,0,0,250,0,0,0,0,250,0,0,0,0,250,119.82,150.84,146.38,79.34,184.5,160.26,128.08,162.65,73.07,222.6,74.96,76.52,51.28,37.85,135.5,172.57,134.43,169.67,64.12,264.6,60.93,79.65,75.66,46.65,162.2
21:00,4495,3876,3635,19.88,18281,0,0,18,0.46,3956,4495,3876,3618,25.26,14325,741,690,754,38.57,1955,0,0,0,0,750,741,690,754,62.57,1205,0,0,0,0,1445,462,250,321,13.31,2412,0,0,14,1.01,1386,1041,976,697,14.01,4974,0,0,3,0.8,375,2252,1959,1846,32.19,5734,164.53,145.95,149.83,63.49,236,0,0,0,0,250,0,0,0,0,250,0,0,0,0,250,119.68,110.43,153.4,83.14,184.5,157.88,152.6,156.85,70.46,222.6,70.81,56.97,46.88,34.6,135.5,168.88,151.47,178.19,67.34,264.6,58.89,73.05,69.35,42.76,162.2
21:15,4476,3863,3712,20.31,18281,0,0,17,0.43,3956,4476,3863,3695,25.79,14325,727,686,723,36.98,1955,0,0,0,0,750,727,686,723,60,1205,0,0,0,0,1445,476,273,360,14.93,2412,0,0,13,0.94,1386,1034,966,711,14.29,4974,0,0,3,0.8,375,2240,1938,1902,33.17,5734,162.37,144.6,150.11,63.61,236,0,0,0,0,250,0,0,0,0,250,0,0,0,0,250,119.54,110.16,139.85,75.8,184.5,155.6,151.8,146.03,65.6,222.6,67.06,58.35,45.59,33.65,135.5,165.28,150.24,178.68,67.53,264.6,56.67,70.95,62.75,38.69,162.2
21:30,4466,3869,3788,20.72,18281,0,0,17,0.43,3956,4466,3869,3771,26.32,14325,713,680,711,36.37,1955,0,0,0,0,750,713,680,711,59,1205,0,0,0,0,1445,492,297,399,16.54,2412,0,0,13,0.94,1386,1028,962,724,14.56,4974,0,0,3,0.8,375,2233,1931,1937,33.78,5734,160.52,143.01,152.85,64.77,236,0,0,0,0,250,0,0,0,0,250,0,0,0,0,250,119.32,106.86,120.7,65.42,184.5,153.27,149.98,148.42,66.68,222.6,63.76,61.06,48.62,35.88,135.5,161.82,149.2,173.11,65.42,264.6,54.29,69.46,67.19,41.42,162.2
21:45,4456,3860,3741,20.46,18281,0,0,16,0.4,3956,4456,3860,3724,26,14325,702,670,669,34.22,1955,0,0,0,0,750,702,670,669,55.52,1205,0,0,0,0,1445,511,318,449,18.62,2412,0,0,13,0.94,1386,1016,949,718,14.44,4974,0,0,3,0.8,375,2225,1923,1889,32.94,5734,159.47,140.05,135.2,57.29,236,0,0,0,0,250,0,0,0,0,250,0,0,0,0,250,119.2,105.14,120.62,65.38,184.5,151.95,147.66,135.54,60.89,222.6,60.16,62.48,46.58,34.38,135.5,159.87,146.92,166.98,63.11,264.6,51.6,67.68,63.74,39.3,162.2
22:00,4448,3852,3676,20.11,18281,0,0,23,0.58,3956,4448,3852,3653,25.5,14325,693,669,690,35.29,1955,0,0,0,0,750,693,669,690,57.26,1205,0,0,7,0.48,1445,532,353,476,19.73,2412,0,0,12,0.87,1386,1007,936,637,12.81,4974,0,0,3,0.8,375,2216,1894,1849,32.25,5734,158.49,143.01,140.72,59.63,236,0,0,0,0,250,0,0,0,0,250,0,0,0,0,250,119.15,113.99,124.56,67.51,184.5,150.48,141.39,152.45,68.49,222.6,57.41,64.3,41.82,30.86,135.5,157.99,140.21,173.5,65.57,264.6,49.4,66.41,57.42,35.4,162.2
22:15,4454,3852,3681,20.14,18281,0,0,35,0.88,3956,4454,3852,3646,25.45,14325,685,665,723,36.98,1955,0,0,0,0,750,685,665,723,60,1205,0,0,20,1.38,1445,560,377,486,20.15,2412,0,0,12,0.87,1386,1002,924,578,11.62,4974,0,0,3,0.8,375,2206,1884,1859,32.42,5734,157.97,142.17,151.47,64.18,236,0,0,0,0,250,0,0,0,0,250,0,0,0,0,250,119.08,114.27,139.44,75.58,184.5,148.98,140.17,162.62,73.05,222.6,55.08,64.67,39.77,29.35,135.5,156.18,138.78,167.73,63.39,264.6,47.73,65.23,61.76,38.08,162.2
22:30,4449,3700,3781,20.68,18281,0,0,19,0.48,3956,4449,3700,3762,26.26,14325,678,717,733,37.49,1955,0,0,0,0,750,678,717,733,60.83,1205,0,0,3,0.21,1445,590,392,525,21.77,2412,0,0,12,0.87,1386,995,758,574,11.54,4974,0,0,3,0.8,375,2187,1833,1930,33.66,5734,157.68,139.05,151.44,64.17,236,0,0,0,0,250,0,0,0,0,250,0,0,0,0,250,119.08,141.6,145.01,78.6,184.5,147.41,151.97,157.17,70.61,222.6,53.02,57.96,38.06,28.09,135.5,154.43,166.07,176.9,66.86,264.6,46.36,60.46,64.42,39.72,162.2
22:45,4462,3701,3882,21.24,18281,0,0,16,0.4,3956,4462,3701,3865,26.98,14325,672,713,736,37.65,1955,0,0,0,0,750,672,713,736,61.08,1205,0,0,0,0,1445,621,422,592,24.54,2412,0,0,12,0.87,1386,996,748,590,11.86,4974,0,0,3,0.8,375,2173,1817,1947,33.96,5734,156.79,138.11,152.74,64.72,236,0,0,0,0,250,0,0,0,0,250,0,0,0,0,250,119.3,140.73,140.16,75.97,184.5,146.23,152.17,169.71,76.24,222.6,51.17,58.29,36.56,26.98,135.5,152.98,164.94,178.78,67.57,264.6,45.31,58.93,58.28,35.93,162.2
23:00,4470,3714,3932,21.51,18281,0,0,16,0.4,3956,4470,3714,3916,27.34,14325,666,710,774,39.59,1955,0,0,0,0,750,666,710,774,64.23,1205,0,0,0,0,1445,653,452,674,27.94,2412,0,0,12,0.87,1386,990,745,597,12,4974,0,0,3,0.8,375,2160,1807,1871,32.63,5734,155.82,137.92,161.47,68.42,236,0,0,0,0,250,0,0,0,0,250,0,0,0,0,250,119.55,141.64,146.48,79.39,184.5,144.96,151.15,181,81.31,222.6,50.09,58.34,40.06,29.56,135.5,151.62,163.1,186.66,70.54,264.6,44.41,57.55,58.43,36.02,162.2
23:15,4492,3727,3963,21.68,18281,0,0,16,0.4,3956,4492,3727,3947,27.55,14325,661,705,781,39.95,1955,0,0,0,0,750,661,705,781,64.81,1205,0,0,0,0,1445,684,477,747,30.97,2412,0,0,12,0.87,1386,992,743,604,12.14,4974,0,0,3,0.8,375,2155,1803,1815,31.65,5734,154.71,137.28,158.12,67,236,0,0,0,0,250,0,0,0,0,250,0,0,0,0,250,119.94,142.47,147.53,79.96,184.5,143.51,149.66,178.11,80.01,222.6,49.25,57.85,41.23,30.43,135.5,150.3,161.47,194.33,73.44,264.6,43.67,55.97,61.29,37.79,162.2
23:30,4515,3752,3930,21.5,18281,0,0,16,0.4,3956,4515,3752,3914,27.32,14325,655,699,712,36.42,1955,0,0,0,0,750,655,699,712,59.09,1205,0,0,0,0,1445,708,507,807,33.46,2412,0,0,12,0.87,1386,998,749,586,11.78,4974,0,0,3,0.8,375,2153,1797,1809,31.55,5734,152.51,142.03,132.06,55.96,236,0,0,0,0,250,0,0,0,0,250,0,0,0,0,250,120.96,137.45,131.81,71.44,184.5,142.03,142.41,156.23,70.18,222.6,48.02,66.08,43.2,31.88,135.5,149.09,155.46,185.08,69.95,264.6,42.79,55.64,63.55,39.18,162.2
23:45,4551,3758,3841,21.01,18281,0,0,16,0.4,3956,4551,3758,3824,26.69,14325,657,692,638,32.63,1955,0,0,0,0,750,657,692,638,52.95,1205,0,0,0,0,1445,727,524,819,33.96,2412,0,0,12,0.87,1386,1001,751,553,11.12,4974,0,0,3,0.8,375,2166,1790,1814,31.64,5734,151.47,141.17,103.26,43.75,236,0,0,0,0,250,0,0,0,0,250,0,0,0,0,250,121.8,137.04,114.16,61.88,184.5,142.87,140.61,135.57,60.9,222.6,47.36,65.61,43.44,32.06,135.5,150.68,152.58,167.27,63.22,264.6,42.39,54.81,74.17,45.73,162.2
